mode: set
github.com/jeduden/mdsmith/internal/schema/acronyms.go:34.21,35.39 1 1
github.com/jeduden/mdsmith/internal/schema/acronyms.go:35.39,37.3 1 1
github.com/jeduden/mdsmith/internal/schema/acronyms.go:38.2,44.29 6 1
github.com/jeduden/mdsmith/internal/schema/acronyms.go:44.29,46.3 1 1
github.com/jeduden/mdsmith/internal/schema/acronyms.go:47.2,47.14 1 1
github.com/jeduden/mdsmith/internal/schema/acronyms.go:55.54,57.42 2 1
github.com/jeduden/mdsmith/internal/schema/acronyms.go:57.42,59.3 1 1
github.com/jeduden/mdsmith/internal/schema/acronyms.go:60.2,60.12 1 1
github.com/jeduden/mdsmith/internal/schema/acronyms.go:63.51,65.25 2 1
github.com/jeduden/mdsmith/internal/schema/acronyms.go:65.25,67.3 1 1
github.com/jeduden/mdsmith/internal/schema/acronyms.go:68.2,68.12 1 1
github.com/jeduden/mdsmith/internal/schema/acronyms.go:85.97,86.21 1 1
github.com/jeduden/mdsmith/internal/schema/acronyms.go:86.21,88.3 1 1
github.com/jeduden/mdsmith/internal/schema/acronyms.go:89.2,94.26 5 1
github.com/jeduden/mdsmith/internal/schema/acronyms.go:94.26,96.3 1 1
github.com/jeduden/mdsmith/internal/schema/acronyms.go:98.2,100.54 2 1
github.com/jeduden/mdsmith/internal/schema/acronyms.go:100.54,114.29 1 1
github.com/jeduden/mdsmith/internal/schema/acronyms.go:114.29,117.5 2 1
github.com/jeduden/mdsmith/internal/schema/acronyms.go:118.4,118.28 1 1
github.com/jeduden/mdsmith/internal/schema/acronyms.go:118.28,121.5 2 1
github.com/jeduden/mdsmith/internal/schema/acronyms.go:123.2,123.12 1 1
github.com/jeduden/mdsmith/internal/schema/acronyms.go:138.3,140.28 2 1
github.com/jeduden/mdsmith/internal/schema/acronyms.go:140.28,141.47 1 1
github.com/jeduden/mdsmith/internal/schema/acronyms.go:141.47,142.12 1 1
github.com/jeduden/mdsmith/internal/schema/acronyms.go:147.3,148.77 1 1
github.com/jeduden/mdsmith/internal/schema/acronyms.go:148.77,153.28 5 1
github.com/jeduden/mdsmith/internal/schema/acronyms.go:153.28,155.5 1 1
github.com/jeduden/mdsmith/internal/schema/acronyms.go:160.73,161.40 1 1
github.com/jeduden/mdsmith/internal/schema/acronyms.go:161.40,162.30 1 1
github.com/jeduden/mdsmith/internal/schema/acronyms.go:162.30,163.34 1 1
github.com/jeduden/mdsmith/internal/schema/acronyms.go:163.34,165.5 1 1
github.com/jeduden/mdsmith/internal/schema/acronyms.go:166.4,166.24 1 1
github.com/jeduden/mdsmith/internal/schema/acronyms.go:169.2,169.18 1 1
github.com/jeduden/mdsmith/internal/schema/acronyms.go:175.21,178.65 3 1
github.com/jeduden/mdsmith/internal/schema/acronyms.go:178.65,179.23 1 1
github.com/jeduden/mdsmith/internal/schema/acronyms.go:179.23,180.12 1 1
github.com/jeduden/mdsmith/internal/schema/acronyms.go:182.3,184.29 3 1
github.com/jeduden/mdsmith/internal/schema/acronyms.go:184.29,186.31 2 1
github.com/jeduden/mdsmith/internal/schema/acronyms.go:186.31,187.13 1 1
github.com/jeduden/mdsmith/internal/schema/acronyms.go:189.4,190.36 2 1
github.com/jeduden/mdsmith/internal/schema/acronyms.go:190.36,191.13 1 1
github.com/jeduden/mdsmith/internal/schema/acronyms.go:193.4,196.12 1 1
github.com/jeduden/mdsmith/internal/schema/acronyms.go:199.2,199.14 1 1
github.com/jeduden/mdsmith/internal/schema/acronyms.go:208.54,211.35 3 1
github.com/jeduden/mdsmith/internal/schema/acronyms.go:211.35,213.3 1 1
github.com/jeduden/mdsmith/internal/schema/acronyms.go:214.2,215.18 2 1
github.com/jeduden/mdsmith/internal/schema/acronyms.go:215.18,217.3 1 1
github.com/jeduden/mdsmith/internal/schema/acronyms.go:218.2,219.21 2 1
github.com/jeduden/mdsmith/internal/schema/compile_cache.go:29.35,30.14 1 1
github.com/jeduden/mdsmith/internal/schema/compile_cache.go:30.14,32.3 1 1
github.com/jeduden/mdsmith/internal/schema/compile_cache.go:33.2,33.22 1 1
github.com/jeduden/mdsmith/internal/schema/compile_cache.go:46.70,47.22 1 1
github.com/jeduden/mdsmith/internal/schema/compile_cache.go:47.22,51.3 3 1
github.com/jeduden/mdsmith/internal/schema/compile_cache.go:52.2,52.18 1 1
github.com/jeduden/mdsmith/internal/schema/compile_cache.go:52.18,54.3 1 1
github.com/jeduden/mdsmith/internal/schema/compile_cache.go:55.2,56.25 2 1
github.com/jeduden/mdsmith/internal/schema/compose.go:26.51,28.28 2 1
github.com/jeduden/mdsmith/internal/schema/compose.go:28.28,29.15 1 1
github.com/jeduden/mdsmith/internal/schema/compose.go:29.15,30.12 1 1
github.com/jeduden/mdsmith/internal/schema/compose.go:32.3,32.29 1 1
github.com/jeduden/mdsmith/internal/schema/compose.go:34.2,34.22 1 1
github.com/jeduden/mdsmith/internal/schema/compose.go:34.22,36.3 1 1
github.com/jeduden/mdsmith/internal/schema/compose.go:37.2,37.22 1 1
github.com/jeduden/mdsmith/internal/schema/compose.go:37.22,39.3 1 1
github.com/jeduden/mdsmith/internal/schema/compose.go:41.2,42.16 2 1
github.com/jeduden/mdsmith/internal/schema/compose.go:42.16,44.3 1 1
github.com/jeduden/mdsmith/internal/schema/compose.go:45.2,51.53 3 1
github.com/jeduden/mdsmith/internal/schema/compose.go:51.53,53.3 1 1
github.com/jeduden/mdsmith/internal/schema/compose.go:54.2,56.16 3 1
github.com/jeduden/mdsmith/internal/schema/compose.go:56.16,58.3 1 1
github.com/jeduden/mdsmith/internal/schema/compose.go:59.2,61.50 3 1
github.com/jeduden/mdsmith/internal/schema/compose.go:61.50,63.3 1 1
github.com/jeduden/mdsmith/internal/schema/compose.go:64.2,64.17 1 1
github.com/jeduden/mdsmith/internal/schema/compose.go:76.56,78.32 2 1
github.com/jeduden/mdsmith/internal/schema/compose.go:78.32,79.37 1 1
github.com/jeduden/mdsmith/internal/schema/compose.go:79.37,88.4 1 1
github.com/jeduden/mdsmith/internal/schema/compose.go:90.2,90.18 1 1
github.com/jeduden/mdsmith/internal/schema/compose.go:93.52,95.28 2 1
github.com/jeduden/mdsmith/internal/schema/compose.go:95.28,96.21 1 1
github.com/jeduden/mdsmith/internal/schema/compose.go:96.21,97.12 1 1
github.com/jeduden/mdsmith/internal/schema/compose.go:99.3,99.34 1 1
github.com/jeduden/mdsmith/internal/schema/compose.go:101.2,101.21 1 1
github.com/jeduden/mdsmith/internal/schema/compose.go:101.21,103.3 1 1
github.com/jeduden/mdsmith/internal/schema/compose.go:104.2,104.54 1 1
github.com/jeduden/mdsmith/internal/schema/compose.go:107.57,108.28 1 1
github.com/jeduden/mdsmith/internal/schema/compose.go:108.28,109.38 1 1
github.com/jeduden/mdsmith/internal/schema/compose.go:109.38,110.30 1 1
github.com/jeduden/mdsmith/internal/schema/compose.go:110.30,112.5 1 1
github.com/jeduden/mdsmith/internal/schema/compose.go:113.4,114.11 2 1
github.com/jeduden/mdsmith/internal/schema/compose.go:114.11,116.13 2 1
github.com/jeduden/mdsmith/internal/schema/compose.go:118.4,118.24 1 1
github.com/jeduden/mdsmith/internal/schema/compose.go:118.24,119.13 1 1
github.com/jeduden/mdsmith/internal/schema/compose.go:121.4,121.62 1 1
github.com/jeduden/mdsmith/internal/schema/compose.go:123.3,123.42 1 1
github.com/jeduden/mdsmith/internal/schema/compose.go:123.42,124.34 1 1
github.com/jeduden/mdsmith/internal/schema/compose.go:124.34,126.5 1 1
github.com/jeduden/mdsmith/internal/schema/compose.go:136.4,136.33 1 1
github.com/jeduden/mdsmith/internal/schema/compose.go:141.60,142.28 1 1
github.com/jeduden/mdsmith/internal/schema/compose.go:142.28,143.23 1 1
github.com/jeduden/mdsmith/internal/schema/compose.go:143.23,144.12 1 1
github.com/jeduden/mdsmith/internal/schema/compose.go:146.3,146.25 1 1
github.com/jeduden/mdsmith/internal/schema/compose.go:146.25,148.12 2 1
github.com/jeduden/mdsmith/internal/schema/compose.go:150.3,150.33 1 1
github.com/jeduden/mdsmith/internal/schema/compose.go:150.33,155.4 1 1
github.com/jeduden/mdsmith/internal/schema/compose.go:157.2,157.12 1 1
github.com/jeduden/mdsmith/internal/schema/compose.go:160.56,161.28 1 1
github.com/jeduden/mdsmith/internal/schema/compose.go:161.28,162.15 1 1
github.com/jeduden/mdsmith/internal/schema/compose.go:162.15,165.4 2 1
github.com/jeduden/mdsmith/internal/schema/compose.go:169.55,171.28 2 1
github.com/jeduden/mdsmith/internal/schema/compose.go:171.28,173.3 1 1
github.com/jeduden/mdsmith/internal/schema/compose.go:174.2,174.12 1 1
github.com/jeduden/mdsmith/internal/schema/compose.go:189.60,191.29 2 1
github.com/jeduden/mdsmith/internal/schema/compose.go:191.29,193.27 2 1
github.com/jeduden/mdsmith/internal/schema/compose.go:193.27,194.11 1 1
github.com/jeduden/mdsmith/internal/schema/compose.go:195.37,198.13 1 1
github.com/jeduden/mdsmith/internal/schema/compose.go:199.21,201.47 2 1
github.com/jeduden/mdsmith/internal/schema/compose.go:201.47,203.6 1 1
github.com/jeduden/mdsmith/internal/schema/compose.go:204.12,205.44 1 1
github.com/jeduden/mdsmith/internal/schema/compose.go:205.44,207.6 1 1
github.com/jeduden/mdsmith/internal/schema/compose.go:211.2,211.62 1 1
github.com/jeduden/mdsmith/internal/schema/compose.go:211.62,213.3 1 1
github.com/jeduden/mdsmith/internal/schema/compose.go:214.2,214.21 1 1
github.com/jeduden/mdsmith/internal/schema/compose.go:224.57,226.24 2 1
github.com/jeduden/mdsmith/internal/schema/compose.go:226.24,228.27 2 1
github.com/jeduden/mdsmith/internal/schema/compose.go:228.27,229.12 1 1
github.com/jeduden/mdsmith/internal/schema/compose.go:231.3,231.31 1 1
github.com/jeduden/mdsmith/internal/schema/compose.go:231.31,237.4 1 1
github.com/jeduden/mdsmith/internal/schema/compose.go:238.3,238.31 1 1
github.com/jeduden/mdsmith/internal/schema/compose.go:240.2,240.12 1 1
github.com/jeduden/mdsmith/internal/schema/compose.go:254.50,255.57 1 1
github.com/jeduden/mdsmith/internal/schema/compose.go:255.57,257.3 1 1
github.com/jeduden/mdsmith/internal/schema/compose.go:258.2,259.37 2 1
github.com/jeduden/mdsmith/internal/schema/compose.go:259.37,261.3 1 1
github.com/jeduden/mdsmith/internal/schema/compose.go:262.2,262.12 1 1
github.com/jeduden/mdsmith/internal/schema/compose.go:267.47,268.28 1 1
github.com/jeduden/mdsmith/internal/schema/compose.go:268.28,271.3 2 1
github.com/jeduden/mdsmith/internal/schema/compose.go:272.2,272.49 1 1
github.com/jeduden/mdsmith/internal/schema/compose.go:272.49,274.3 1 1
github.com/jeduden/mdsmith/internal/schema/compose.go:275.2,277.12 3 1
github.com/jeduden/mdsmith/internal/schema/compose.go:282.55,284.16 2 1
github.com/jeduden/mdsmith/internal/schema/compose.go:284.16,286.3 1 1
github.com/jeduden/mdsmith/internal/schema/compose.go:287.2,288.12 2 1
github.com/jeduden/mdsmith/internal/schema/compose.go:291.42,292.26 1 1
github.com/jeduden/mdsmith/internal/schema/compose.go:292.26,293.18 1 1
github.com/jeduden/mdsmith/internal/schema/compose.go:293.18,295.4 1 1
github.com/jeduden/mdsmith/internal/schema/compose.go:297.2,297.11 1 1
github.com/jeduden/mdsmith/internal/schema/compose.go:309.39,310.17 1 1
github.com/jeduden/mdsmith/internal/schema/compose.go:310.17,312.3 1 1
github.com/jeduden/mdsmith/internal/schema/compose.go:313.2,314.49 2 1
github.com/jeduden/mdsmith/internal/schema/compose.go:314.49,316.3 1 1
github.com/jeduden/mdsmith/internal/schema/compose.go:317.2,317.13 1 1
github.com/jeduden/mdsmith/internal/schema/compose.go:330.45,332.14 2 1
github.com/jeduden/mdsmith/internal/schema/compose.go:332.14,334.3 1 1
github.com/jeduden/mdsmith/internal/schema/compose.go:335.2,336.16 2 1
github.com/jeduden/mdsmith/internal/schema/compose.go:336.16,338.3 1 1
github.com/jeduden/mdsmith/internal/schema/compose.go:339.2,341.16 3 1
github.com/jeduden/mdsmith/internal/schema/compose.go:341.16,343.3 1 1
github.com/jeduden/mdsmith/internal/schema/compose.go:344.2,345.16 2 1
github.com/jeduden/mdsmith/internal/schema/compose.go:345.16,347.3 1 1
github.com/jeduden/mdsmith/internal/schema/compose.go:348.2,354.17 4 1
github.com/jeduden/mdsmith/internal/schema/compose.go:362.63,363.14 1 1
github.com/jeduden/mdsmith/internal/schema/compose.go:363.14,365.3 1 1
github.com/jeduden/mdsmith/internal/schema/compose.go:366.2,366.14 1 1
github.com/jeduden/mdsmith/internal/schema/compose.go:366.14,368.3 1 1
github.com/jeduden/mdsmith/internal/schema/compose.go:369.2,369.14 1 1
github.com/jeduden/mdsmith/internal/schema/compose.go:369.14,371.3 1 1
github.com/jeduden/mdsmith/internal/schema/compose.go:372.2,377.41 1 1
github.com/jeduden/mdsmith/internal/schema/compose.go:383.33,384.13 1 1
github.com/jeduden/mdsmith/internal/schema/compose.go:384.13,386.3 1 1
github.com/jeduden/mdsmith/internal/schema/compose.go:387.2,387.44 1 1
github.com/jeduden/mdsmith/internal/schema/compose.go:402.52,403.14 1 1
github.com/jeduden/mdsmith/internal/schema/compose.go:403.14,405.3 1 1
github.com/jeduden/mdsmith/internal/schema/compose.go:406.2,406.14 1 1
github.com/jeduden/mdsmith/internal/schema/compose.go:406.14,408.3 1 1
github.com/jeduden/mdsmith/internal/schema/compose.go:409.2,414.16 6 1
github.com/jeduden/mdsmith/internal/schema/compose.go:414.16,416.3 1 1
github.com/jeduden/mdsmith/internal/schema/compose.go:417.2,418.27 2 1
github.com/jeduden/mdsmith/internal/schema/compose.go:418.27,425.3 1 1
github.com/jeduden/mdsmith/internal/schema/compose.go:426.2,426.26 1 1
github.com/jeduden/mdsmith/internal/schema/compose.go:426.26,428.3 1 1
github.com/jeduden/mdsmith/internal/schema/compose.go:428.8,430.3 1 1
github.com/jeduden/mdsmith/internal/schema/compose.go:431.2,431.18 1 1
github.com/jeduden/mdsmith/internal/schema/compose.go:437.33,438.9 1 1
github.com/jeduden/mdsmith/internal/schema/compose.go:439.14,440.11 1 1
github.com/jeduden/mdsmith/internal/schema/compose.go:441.14,442.11 1 1
github.com/jeduden/mdsmith/internal/schema/compose.go:443.13,444.11 1 1
github.com/jeduden/mdsmith/internal/schema/compose.go:445.10,446.11 1 1
github.com/jeduden/mdsmith/internal/schema/compose.go:452.39,453.14 1 1
github.com/jeduden/mdsmith/internal/schema/compose.go:453.14,455.3 1 1
github.com/jeduden/mdsmith/internal/schema/compose.go:456.2,456.40 1 1
github.com/jeduden/mdsmith/internal/schema/compose.go:459.40,460.14 1 1
github.com/jeduden/mdsmith/internal/schema/compose.go:460.14,462.3 1 1
github.com/jeduden/mdsmith/internal/schema/compose.go:463.2,464.11 2 1
github.com/jeduden/mdsmith/internal/schema/compose.go:467.52,468.17 1 1
github.com/jeduden/mdsmith/internal/schema/compose.go:468.17,470.3 1 1
github.com/jeduden/mdsmith/internal/schema/compose.go:471.2,472.22 2 1
github.com/jeduden/mdsmith/internal/schema/compose.go:472.22,474.23 2 1
github.com/jeduden/mdsmith/internal/schema/compose.go:474.23,476.4 1 1
github.com/jeduden/mdsmith/internal/schema/compose.go:478.2,478.12 1 1
github.com/jeduden/mdsmith/internal/schema/compose.go:481.43,484.40 3 1
github.com/jeduden/mdsmith/internal/schema/compose.go:484.40,485.26 1 1
github.com/jeduden/mdsmith/internal/schema/compose.go:485.26,486.15 1 1
github.com/jeduden/mdsmith/internal/schema/compose.go:486.15,487.13 1 1
github.com/jeduden/mdsmith/internal/schema/compose.go:489.4,490.24 2 1
github.com/jeduden/mdsmith/internal/schema/compose.go:493.2,493.19 1 1
github.com/jeduden/mdsmith/internal/schema/compose.go:493.19,495.3 1 1
github.com/jeduden/mdsmith/internal/schema/compose.go:496.2,496.12 1 1
github.com/jeduden/mdsmith/internal/schema/compose.go:501.29,502.32 1 1
github.com/jeduden/mdsmith/internal/schema/compose.go:502.32,504.3 1 1
github.com/jeduden/mdsmith/internal/schema/compose.go:505.2,506.22 2 1
github.com/jeduden/mdsmith/internal/schema/compose.go:506.22,508.3 1 1
github.com/jeduden/mdsmith/internal/schema/compose.go:509.2,509.22 1 1
github.com/jeduden/mdsmith/internal/schema/compose.go:509.22,511.3 1 1
github.com/jeduden/mdsmith/internal/schema/compose.go:512.2,512.12 1 1
github.com/jeduden/mdsmith/internal/schema/compose.go:515.33,518.24 3 1
github.com/jeduden/mdsmith/internal/schema/compose.go:518.24,520.37 2 1
github.com/jeduden/mdsmith/internal/schema/compose.go:520.37,522.4 1 1
github.com/jeduden/mdsmith/internal/schema/compose.go:524.2,524.21 1 1
github.com/jeduden/mdsmith/internal/schema/compose.go:524.21,526.30 2 1
github.com/jeduden/mdsmith/internal/schema/compose.go:526.30,528.4 1 1
github.com/jeduden/mdsmith/internal/schema/compose.go:530.2,531.12 2 1
github.com/jeduden/mdsmith/internal/schema/compose.go:534.56,535.14 1 1
github.com/jeduden/mdsmith/internal/schema/compose.go:535.14,537.3 1 1
github.com/jeduden/mdsmith/internal/schema/compose.go:538.2,539.22 2 1
github.com/jeduden/mdsmith/internal/schema/compose.go:539.22,541.3 1 1
github.com/jeduden/mdsmith/internal/schema/compose.go:542.2,542.12 1 1
github.com/jeduden/mdsmith/internal/schema/compose.go:545.53,547.28 2 1
github.com/jeduden/mdsmith/internal/schema/compose.go:547.28,549.3 1 1
github.com/jeduden/mdsmith/internal/schema/compose.go:550.2,550.12 1 1
github.com/jeduden/mdsmith/internal/schema/compose.go:560.54,562.28 2 1
github.com/jeduden/mdsmith/internal/schema/compose.go:562.28,563.24 1 1
github.com/jeduden/mdsmith/internal/schema/compose.go:563.24,564.12 1 1
github.com/jeduden/mdsmith/internal/schema/compose.go:566.3,566.26 1 1
github.com/jeduden/mdsmith/internal/schema/compose.go:566.26,568.4 1 1
github.com/jeduden/mdsmith/internal/schema/compose.go:569.3,570.19 2 1
github.com/jeduden/mdsmith/internal/schema/compose.go:570.19,571.12 1 1
github.com/jeduden/mdsmith/internal/schema/compose.go:573.3,573.33 1 1
github.com/jeduden/mdsmith/internal/schema/compose.go:573.33,576.12 3 1
github.com/jeduden/mdsmith/internal/schema/compose.go:578.3,578.74 1 1
github.com/jeduden/mdsmith/internal/schema/compose.go:582.57,583.28 1 1
github.com/jeduden/mdsmith/internal/schema/compose.go:583.28,584.21 1 1
github.com/jeduden/mdsmith/internal/schema/compose.go:584.21,585.12 1 1
github.com/jeduden/mdsmith/internal/schema/compose.go:587.3,587.23 1 1
github.com/jeduden/mdsmith/internal/schema/compose.go:587.23,590.12 3 1
github.com/jeduden/mdsmith/internal/schema/compose.go:592.3,592.41 1 1
github.com/jeduden/mdsmith/internal/schema/compose.go:592.41,597.4 1 1
github.com/jeduden/mdsmith/internal/schema/compose.go:598.3,598.71 1 1
github.com/jeduden/mdsmith/internal/schema/compose.go:600.2,600.12 1 1
github.com/jeduden/mdsmith/internal/schema/crossrefs.go:20.21,21.49 1 1
github.com/jeduden/mdsmith/internal/schema/crossrefs.go:21.49,23.3 1 1
github.com/jeduden/mdsmith/internal/schema/crossrefs.go:24.2,27.41 4 1
github.com/jeduden/mdsmith/internal/schema/crossrefs.go:27.41,33.16 3 1
github.com/jeduden/mdsmith/internal/schema/crossrefs.go:33.16,36.18 3 1
github.com/jeduden/mdsmith/internal/schema/crossrefs.go:36.18,41.13 2 1
github.com/jeduden/mdsmith/internal/schema/crossrefs.go:43.4,43.34 1 1
github.com/jeduden/mdsmith/internal/schema/crossrefs.go:43.34,45.19 2 1
github.com/jeduden/mdsmith/internal/schema/crossrefs.go:45.19,50.14 2 1
github.com/jeduden/mdsmith/internal/schema/crossrefs.go:54.3,54.83 1 1
github.com/jeduden/mdsmith/internal/schema/crossrefs.go:56.2,56.14 1 1
github.com/jeduden/mdsmith/internal/schema/crossrefs.go:69.48,71.78 2 1
github.com/jeduden/mdsmith/internal/schema/crossrefs.go:71.78,72.16 1 1
github.com/jeduden/mdsmith/internal/schema/crossrefs.go:72.16,74.4 1 1
github.com/jeduden/mdsmith/internal/schema/crossrefs.go:75.3,75.50 1 1
github.com/jeduden/mdsmith/internal/schema/crossrefs.go:75.50,77.4 1 1
github.com/jeduden/mdsmith/internal/schema/crossrefs.go:78.3,79.10 2 1
github.com/jeduden/mdsmith/internal/schema/crossrefs.go:79.10,81.4 1 1
github.com/jeduden/mdsmith/internal/schema/crossrefs.go:82.3,85.31 4 1
github.com/jeduden/mdsmith/internal/schema/crossrefs.go:87.2,87.12 1 1
github.com/jeduden/mdsmith/internal/schema/crossrefs.go:93.52,95.78 2 1
github.com/jeduden/mdsmith/internal/schema/crossrefs.go:95.78,96.16 1 1
github.com/jeduden/mdsmith/internal/schema/crossrefs.go:96.16,98.4 1 1
github.com/jeduden/mdsmith/internal/schema/crossrefs.go:99.3,100.10 2 1
github.com/jeduden/mdsmith/internal/schema/crossrefs.go:100.10,102.4 1 1
github.com/jeduden/mdsmith/internal/schema/crossrefs.go:103.3,105.17 3 1
github.com/jeduden/mdsmith/internal/schema/crossrefs.go:105.17,107.4 1 1
github.com/jeduden/mdsmith/internal/schema/crossrefs.go:108.3,108.31 1 1
github.com/jeduden/mdsmith/internal/schema/crossrefs.go:110.2,110.12 1 1
github.com/jeduden/mdsmith/internal/schema/crossrefs.go:116.21,119.27 3 1
github.com/jeduden/mdsmith/internal/schema/crossrefs.go:119.27,120.55 1 1
github.com/jeduden/mdsmith/internal/schema/crossrefs.go:120.55,121.12 1 1
github.com/jeduden/mdsmith/internal/schema/crossrefs.go:123.3,124.29 2 1
github.com/jeduden/mdsmith/internal/schema/crossrefs.go:124.29,126.18 2 1
github.com/jeduden/mdsmith/internal/schema/crossrefs.go:126.18,131.13 2 1
github.com/jeduden/mdsmith/internal/schema/crossrefs.go:133.4,134.34 2 1
github.com/jeduden/mdsmith/internal/schema/crossrefs.go:134.34,139.5 1 1
github.com/jeduden/mdsmith/internal/schema/crossrefs.go:142.2,142.14 1 1
github.com/jeduden/mdsmith/internal/schema/crossrefs.go:147.70,149.36 2 1
github.com/jeduden/mdsmith/internal/schema/crossrefs.go:149.36,151.3 1 1
github.com/jeduden/mdsmith/internal/schema/crossrefs.go:152.2,152.35 1 1
github.com/jeduden/mdsmith/internal/schema/crossrefs.go:160.85,163.20 3 1
github.com/jeduden/mdsmith/internal/schema/crossrefs.go:163.20,165.15 2 1
github.com/jeduden/mdsmith/internal/schema/crossrefs.go:165.15,168.12 3 1
github.com/jeduden/mdsmith/internal/schema/crossrefs.go:170.3,171.14 2 1
github.com/jeduden/mdsmith/internal/schema/crossrefs.go:171.14,173.4 1 1
github.com/jeduden/mdsmith/internal/schema/crossrefs.go:174.3,176.17 3 1
github.com/jeduden/mdsmith/internal/schema/crossrefs.go:176.17,178.4 1 1
github.com/jeduden/mdsmith/internal/schema/crossrefs.go:179.3,180.15 2 1
github.com/jeduden/mdsmith/internal/schema/crossrefs.go:182.2,182.24 1 1
github.com/jeduden/mdsmith/internal/schema/crossrefs.go:187.19,188.16 1 1
github.com/jeduden/mdsmith/internal/schema/crossrefs.go:188.16,190.3 1 1
github.com/jeduden/mdsmith/internal/schema/crossrefs.go:191.2,191.17 1 1
github.com/jeduden/mdsmith/internal/schema/crossrefs.go:191.17,192.21 1 1
github.com/jeduden/mdsmith/internal/schema/crossrefs.go:192.21,194.4 1 1
github.com/jeduden/mdsmith/internal/schema/crossrefs.go:195.3,195.23 1 1
github.com/jeduden/mdsmith/internal/schema/crossrefs.go:197.2,197.40 1 1
github.com/jeduden/mdsmith/internal/schema/crossrefs.go:197.40,198.35 1 1
github.com/jeduden/mdsmith/internal/schema/crossrefs.go:198.35,201.4 1 1
github.com/jeduden/mdsmith/internal/schema/crossrefs.go:202.3,202.25 1 1
github.com/jeduden/mdsmith/internal/schema/crossrefs.go:204.2,204.32 1 1
github.com/jeduden/mdsmith/internal/schema/crossrefs.go:204.32,205.17 1 1
github.com/jeduden/mdsmith/internal/schema/crossrefs.go:205.17,207.4 1 1
github.com/jeduden/mdsmith/internal/schema/crossrefs.go:209.2,209.55 1 1
github.com/jeduden/mdsmith/internal/schema/crossrefs.go:212.42,214.22 2 1
github.com/jeduden/mdsmith/internal/schema/crossrefs.go:214.22,215.25 1 1
github.com/jeduden/mdsmith/internal/schema/crossrefs.go:215.25,217.4 1 1
github.com/jeduden/mdsmith/internal/schema/crossrefs.go:218.3,218.24 1 1
github.com/jeduden/mdsmith/internal/schema/crossrefs.go:220.2,220.13 1 1
github.com/jeduden/mdsmith/internal/schema/crossrefs.go:220.13,222.3 1 1
github.com/jeduden/mdsmith/internal/schema/crossrefs.go:223.2,223.16 1 1
github.com/jeduden/mdsmith/internal/schema/diagnostic.go:90.43,91.18 1 1
github.com/jeduden/mdsmith/internal/schema/diagnostic.go:91.18,93.3 1 1
github.com/jeduden/mdsmith/internal/schema/diagnostic.go:94.2,96.20 3 1
github.com/jeduden/mdsmith/internal/schema/diagnostic.go:96.20,99.3 2 1
github.com/jeduden/mdsmith/internal/schema/diagnostic.go:100.2,100.22 1 1
github.com/jeduden/mdsmith/internal/schema/diagnostic.go:100.22,101.21 1 1
github.com/jeduden/mdsmith/internal/schema/diagnostic.go:101.21,103.4 1 1
github.com/jeduden/mdsmith/internal/schema/diagnostic.go:103.9,105.4 1 1
github.com/jeduden/mdsmith/internal/schema/diagnostic.go:106.3,106.28 1 1
github.com/jeduden/mdsmith/internal/schema/diagnostic.go:108.2,108.18 1 1
github.com/jeduden/mdsmith/internal/schema/diagnostic.go:108.18,112.3 3 1
github.com/jeduden/mdsmith/internal/schema/diagnostic.go:113.2,113.23 1 1
github.com/jeduden/mdsmith/internal/schema/diagnostic.go:113.23,116.3 2 1
github.com/jeduden/mdsmith/internal/schema/diagnostic.go:117.2,117.19 1 1
github.com/jeduden/mdsmith/internal/schema/diagnostic.go:126.53,130.54 4 1
github.com/jeduden/mdsmith/internal/schema/diagnostic.go:130.54,134.3 3 1
github.com/jeduden/mdsmith/internal/schema/diagnostic.go:135.2,135.32 1 1
github.com/jeduden/mdsmith/internal/schema/diagnostic.go:135.32,138.3 2 1
github.com/jeduden/mdsmith/internal/schema/diagnostic.go:139.2,139.23 1 1
github.com/jeduden/mdsmith/internal/schema/diagnostic.go:139.23,142.3 2 1
github.com/jeduden/mdsmith/internal/schema/diagnostic.go:143.2,143.19 1 1
github.com/jeduden/mdsmith/internal/schema/diagnostic.go:158.33,159.23 1 1
github.com/jeduden/mdsmith/internal/schema/diagnostic.go:160.11,161.16 1 1
github.com/jeduden/mdsmith/internal/schema/diagnostic.go:162.14,163.30 1 1
github.com/jeduden/mdsmith/internal/schema/diagnostic.go:164.33,165.30 1 1
github.com/jeduden/mdsmith/internal/schema/diagnostic.go:167.2,167.43 1 1
github.com/jeduden/mdsmith/internal/schema/diagnostic.go:167.43,169.3 1 1
github.com/jeduden/mdsmith/internal/schema/diagnostic.go:170.2,170.29 1 1
github.com/jeduden/mdsmith/internal/schema/expected.go:17.41,19.16 2 1
github.com/jeduden/mdsmith/internal/schema/expected.go:19.16,21.3 1 1
github.com/jeduden/mdsmith/internal/schema/expected.go:22.2,22.55 1 1
github.com/jeduden/mdsmith/internal/schema/expected.go:22.55,24.3 1 1
github.com/jeduden/mdsmith/internal/schema/expected.go:25.2,25.43 1 1
github.com/jeduden/mdsmith/internal/schema/expected.go:25.43,27.3 1 1
github.com/jeduden/mdsmith/internal/schema/expected.go:28.2,28.46 1 1
github.com/jeduden/mdsmith/internal/schema/expected.go:28.46,30.3 1 1
github.com/jeduden/mdsmith/internal/schema/expected.go:31.2,31.52 1 1
github.com/jeduden/mdsmith/internal/schema/expected.go:31.52,33.3 1 1
github.com/jeduden/mdsmith/internal/schema/expected.go:34.2,34.20 1 1
github.com/jeduden/mdsmith/internal/schema/expected.go:34.20,36.3 1 1
github.com/jeduden/mdsmith/internal/schema/expected.go:37.2,37.13 1 1
github.com/jeduden/mdsmith/internal/schema/expected.go:44.58,46.20 2 1
github.com/jeduden/mdsmith/internal/schema/expected.go:46.20,48.3 1 1
github.com/jeduden/mdsmith/internal/schema/expected.go:49.2,50.26 2 1
github.com/jeduden/mdsmith/internal/schema/expected.go:50.26,56.25 3 1
github.com/jeduden/mdsmith/internal/schema/expected.go:56.25,58.4 1 1
github.com/jeduden/mdsmith/internal/schema/expected.go:59.3,59.33 1 1
github.com/jeduden/mdsmith/internal/schema/expected.go:61.2,61.56 1 1
github.com/jeduden/mdsmith/internal/schema/expected.go:75.46,84.36 6 1
github.com/jeduden/mdsmith/internal/schema/expected.go:84.36,86.3 1 1
github.com/jeduden/mdsmith/internal/schema/expected.go:87.2,88.30 2 1
github.com/jeduden/mdsmith/internal/schema/expected.go:88.30,90.3 1 1
github.com/jeduden/mdsmith/internal/schema/expected.go:91.2,92.16 2 1
github.com/jeduden/mdsmith/internal/schema/expected.go:92.16,94.3 1 1
github.com/jeduden/mdsmith/internal/schema/expected.go:95.2,95.44 1 1
github.com/jeduden/mdsmith/internal/schema/expected.go:111.49,113.20 2 1
github.com/jeduden/mdsmith/internal/schema/expected.go:113.20,115.3 1 1
github.com/jeduden/mdsmith/internal/schema/expected.go:116.2,117.20 2 1
github.com/jeduden/mdsmith/internal/schema/expected.go:117.20,119.3 1 1
github.com/jeduden/mdsmith/internal/schema/expected.go:120.2,121.24 2 1
github.com/jeduden/mdsmith/internal/schema/expected.go:129.71,133.26 4 1
github.com/jeduden/mdsmith/internal/schema/expected.go:133.26,135.10 2 1
github.com/jeduden/mdsmith/internal/schema/expected.go:136.19,137.17 1 1
github.com/jeduden/mdsmith/internal/schema/expected.go:138.35,140.22 2 1
github.com/jeduden/mdsmith/internal/schema/expected.go:141.34,142.56 1 1
github.com/jeduden/mdsmith/internal/schema/expected.go:143.35,145.22 2 1
github.com/jeduden/mdsmith/internal/schema/expected.go:146.34,147.56 1 1
github.com/jeduden/mdsmith/internal/schema/expected.go:148.11,149.41 1 1
github.com/jeduden/mdsmith/internal/schema/expected.go:152.2,154.24 3 1
github.com/jeduden/mdsmith/internal/schema/expected.go:165.48,166.19 1 1
github.com/jeduden/mdsmith/internal/schema/expected.go:166.19,167.66 1 1
github.com/jeduden/mdsmith/internal/schema/expected.go:167.66,170.4 2 1
github.com/jeduden/mdsmith/internal/schema/expected.go:172.2,172.19 1 1
github.com/jeduden/mdsmith/internal/schema/expected.go:172.19,173.66 1 1
github.com/jeduden/mdsmith/internal/schema/expected.go:173.66,176.4 2 1
github.com/jeduden/mdsmith/internal/schema/expected.go:184.50,185.9 1 1
github.com/jeduden/mdsmith/internal/schema/expected.go:186.68,187.54 1 1
github.com/jeduden/mdsmith/internal/schema/expected.go:188.32,190.55 1 1
github.com/jeduden/mdsmith/internal/schema/expected.go:191.18,192.60 1 1
github.com/jeduden/mdsmith/internal/schema/expected.go:193.18,194.60 1 1
github.com/jeduden/mdsmith/internal/schema/expected.go:196.2,196.18 1 1
github.com/jeduden/mdsmith/internal/schema/expected.go:199.37,200.15 1 1
github.com/jeduden/mdsmith/internal/schema/expected.go:200.15,202.3 1 1
github.com/jeduden/mdsmith/internal/schema/expected.go:203.2,203.13 1 1
github.com/jeduden/mdsmith/internal/schema/expected.go:206.37,207.15 1 1
github.com/jeduden/mdsmith/internal/schema/expected.go:207.15,209.3 1 1
github.com/jeduden/mdsmith/internal/schema/expected.go:210.2,210.13 1 1
github.com/jeduden/mdsmith/internal/schema/expected.go:215.55,217.21 2 1
github.com/jeduden/mdsmith/internal/schema/expected.go:217.21,219.3 1 1
github.com/jeduden/mdsmith/internal/schema/expected.go:220.2,221.26 2 1
github.com/jeduden/mdsmith/internal/schema/expected.go:221.26,223.12 2 1
github.com/jeduden/mdsmith/internal/schema/expected.go:224.17,225.20 1 1
github.com/jeduden/mdsmith/internal/schema/expected.go:226.24,227.22 1 1
github.com/jeduden/mdsmith/internal/schema/expected.go:230.2,230.30 1 1
github.com/jeduden/mdsmith/internal/schema/expected.go:230.30,232.3 1 1
github.com/jeduden/mdsmith/internal/schema/expected.go:233.2,233.18 1 1
github.com/jeduden/mdsmith/internal/schema/expected.go:240.52,245.33 5 1
github.com/jeduden/mdsmith/internal/schema/expected.go:245.33,247.10 2 1
github.com/jeduden/mdsmith/internal/schema/expected.go:248.37,249.7 1 1
github.com/jeduden/mdsmith/internal/schema/expected.go:250.17,251.24 1 1
github.com/jeduden/mdsmith/internal/schema/expected.go:252.44,253.11 1 1
github.com/jeduden/mdsmith/internal/schema/expected.go:254.44,255.11 1 1
github.com/jeduden/mdsmith/internal/schema/expected.go:256.44,258.17 2 1
github.com/jeduden/mdsmith/internal/schema/expected.go:261.2,262.12 2 1
github.com/jeduden/mdsmith/internal/schema/expected.go:269.36,271.2 1 1
github.com/jeduden/mdsmith/internal/schema/extend.go:31.63,32.35 1 1
github.com/jeduden/mdsmith/internal/schema/extend.go:32.35,34.3 1 1
github.com/jeduden/mdsmith/internal/schema/extend.go:40.2,41.16 2 1
github.com/jeduden/mdsmith/internal/schema/extend.go:41.16,43.3 1 1
github.com/jeduden/mdsmith/internal/schema/extend.go:44.2,51.28 2 1
github.com/jeduden/mdsmith/internal/schema/extend.go:51.28,52.27 1 1
github.com/jeduden/mdsmith/internal/schema/extend.go:52.27,53.12 1 1
github.com/jeduden/mdsmith/internal/schema/extend.go:55.3,55.15 1 1
github.com/jeduden/mdsmith/internal/schema/extend.go:57.2,57.12 1 1
github.com/jeduden/mdsmith/internal/schema/extend.go:77.61,87.9 5 1
github.com/jeduden/mdsmith/internal/schema/extend.go:88.28,90.9 2 1
github.com/jeduden/mdsmith/internal/schema/extend.go:91.43,93.9 2 1
github.com/jeduden/mdsmith/internal/schema/extend.go:95.2,95.27 1 1
github.com/jeduden/mdsmith/internal/schema/extend.go:95.27,97.3 1 1
github.com/jeduden/mdsmith/internal/schema/extend.go:103.2,104.29 2 1
github.com/jeduden/mdsmith/internal/schema/extend.go:104.29,106.3 1 1
github.com/jeduden/mdsmith/internal/schema/extend.go:107.2,107.14 1 1
github.com/jeduden/mdsmith/internal/schema/extend.go:107.14,110.3 2 1
github.com/jeduden/mdsmith/internal/schema/extend.go:111.2,111.36 1 1
github.com/jeduden/mdsmith/internal/schema/extend.go:111.36,114.17 3 1
github.com/jeduden/mdsmith/internal/schema/extend.go:114.17,116.12 2 1
github.com/jeduden/mdsmith/internal/schema/extend.go:118.3,120.57 3 1
github.com/jeduden/mdsmith/internal/schema/extend.go:120.57,122.12 2 1
github.com/jeduden/mdsmith/internal/schema/extend.go:124.3,124.58 1 1
github.com/jeduden/mdsmith/internal/schema/extend.go:126.2,126.29 1 1
github.com/jeduden/mdsmith/internal/schema/extend.go:136.43,138.16 2 1
github.com/jeduden/mdsmith/internal/schema/extend.go:138.16,140.3 1 1
github.com/jeduden/mdsmith/internal/schema/extend.go:141.2,141.13 1 1
github.com/jeduden/mdsmith/internal/schema/extend.go:151.46,152.49 1 1
github.com/jeduden/mdsmith/internal/schema/extend.go:152.49,154.3 1 1
github.com/jeduden/mdsmith/internal/schema/extend.go:155.2,155.29 1 1
github.com/jeduden/mdsmith/internal/schema/extend.go:155.29,157.3 1 1
github.com/jeduden/mdsmith/internal/schema/extend.go:158.2,158.29 1 1
github.com/jeduden/mdsmith/internal/schema/extend.go:176.60,178.25 2 1
github.com/jeduden/mdsmith/internal/schema/extend.go:178.25,180.3 1 1
github.com/jeduden/mdsmith/internal/schema/extend.go:181.2,182.20 2 1
github.com/jeduden/mdsmith/internal/schema/extend.go:182.20,184.3 1 1
github.com/jeduden/mdsmith/internal/schema/extend.go:185.2,186.25 2 1
github.com/jeduden/mdsmith/internal/schema/extend.go:186.25,188.17 2 1
github.com/jeduden/mdsmith/internal/schema/extend.go:188.17,194.4 1 1
github.com/jeduden/mdsmith/internal/schema/extend.go:195.3,196.65 2 1
github.com/jeduden/mdsmith/internal/schema/extend.go:196.65,198.19 2 1
github.com/jeduden/mdsmith/internal/schema/extend.go:198.19,208.5 1 1
github.com/jeduden/mdsmith/internal/schema/extend.go:209.4,214.5 1 1
github.com/jeduden/mdsmith/internal/schema/extend.go:217.2,217.12 1 1
github.com/jeduden/mdsmith/internal/schema/extend.go:225.59,226.68 1 1
github.com/jeduden/mdsmith/internal/schema/extend.go:226.68,228.3 1 1
github.com/jeduden/mdsmith/internal/schema/extend.go:229.2,230.33 2 1
github.com/jeduden/mdsmith/internal/schema/extend.go:230.33,231.18 1 1
github.com/jeduden/mdsmith/internal/schema/extend.go:232.12,233.11 1 1
github.com/jeduden/mdsmith/internal/schema/extend.go:234.12,236.18 2 1
github.com/jeduden/mdsmith/internal/schema/extend.go:236.18,237.13 1 1
github.com/jeduden/mdsmith/internal/schema/extend.go:242.4,242.49 1 1
github.com/jeduden/mdsmith/internal/schema/extend.go:242.49,244.5 1 1
github.com/jeduden/mdsmith/internal/schema/extend.go:245.4,245.45 1 1
github.com/jeduden/mdsmith/internal/schema/extend.go:248.2,248.17 1 1
github.com/jeduden/mdsmith/internal/schema/extend.go:255.51,256.14 1 1
github.com/jeduden/mdsmith/internal/schema/extend.go:256.14,258.3 1 1
github.com/jeduden/mdsmith/internal/schema/extend.go:259.2,260.22 2 1
github.com/jeduden/mdsmith/internal/schema/extend.go:260.22,262.3 1 1
github.com/jeduden/mdsmith/internal/schema/extend.go:263.2,263.12 1 1
github.com/jeduden/mdsmith/internal/schema/extend.go:297.53,298.35 1 1
github.com/jeduden/mdsmith/internal/schema/extend.go:298.35,300.3 1 1
github.com/jeduden/mdsmith/internal/schema/extend.go:301.2,301.19 1 1
github.com/jeduden/mdsmith/internal/schema/extend.go:301.19,303.3 1 1
github.com/jeduden/mdsmith/internal/schema/extend.go:304.2,304.18 1 1
github.com/jeduden/mdsmith/internal/schema/extend.go:304.18,306.3 1 1
github.com/jeduden/mdsmith/internal/schema/extend.go:308.2,313.62 2 1
github.com/jeduden/mdsmith/internal/schema/extend.go:313.62,315.3 1 1
github.com/jeduden/mdsmith/internal/schema/extend.go:316.2,322.17 6 1
github.com/jeduden/mdsmith/internal/schema/extend.go:330.49,331.29 1 1
github.com/jeduden/mdsmith/internal/schema/extend.go:331.29,333.3 1 1
github.com/jeduden/mdsmith/internal/schema/extend.go:334.2,334.36 1 1
github.com/jeduden/mdsmith/internal/schema/extend.go:344.58,345.65 1 1
github.com/jeduden/mdsmith/internal/schema/extend.go:345.65,347.3 1 1
github.com/jeduden/mdsmith/internal/schema/extend.go:352.2,358.42 4 1
github.com/jeduden/mdsmith/internal/schema/extend.go:358.42,360.3 1 1
github.com/jeduden/mdsmith/internal/schema/extend.go:361.2,361.41 1 1
github.com/jeduden/mdsmith/internal/schema/extend.go:361.41,363.32 2 1
github.com/jeduden/mdsmith/internal/schema/extend.go:363.32,365.12 2 1
github.com/jeduden/mdsmith/internal/schema/extend.go:367.3,373.65 3 1
github.com/jeduden/mdsmith/internal/schema/extend.go:373.65,380.4 1 1
github.com/jeduden/mdsmith/internal/schema/extend.go:381.3,381.31 1 1
github.com/jeduden/mdsmith/internal/schema/extend.go:383.2,383.12 1 1
github.com/jeduden/mdsmith/internal/schema/extend.go:398.84,399.41 1 1
github.com/jeduden/mdsmith/internal/schema/extend.go:399.41,401.3 1 1
github.com/jeduden/mdsmith/internal/schema/extend.go:402.2,403.27 2 1
github.com/jeduden/mdsmith/internal/schema/extend.go:403.27,405.3 1 1
github.com/jeduden/mdsmith/internal/schema/extend.go:406.2,406.26 1 1
github.com/jeduden/mdsmith/internal/schema/extend.go:406.26,408.3 1 1
github.com/jeduden/mdsmith/internal/schema/extend.go:409.2,409.12 1 1
github.com/jeduden/mdsmith/internal/schema/extend.go:416.73,417.41 1 1
github.com/jeduden/mdsmith/internal/schema/extend.go:417.41,419.3 1 1
github.com/jeduden/mdsmith/internal/schema/extend.go:422.2,423.27 2 1
github.com/jeduden/mdsmith/internal/schema/extend.go:423.27,425.3 1 1
github.com/jeduden/mdsmith/internal/schema/extend.go:426.2,426.26 1 1
github.com/jeduden/mdsmith/internal/schema/extend.go:426.26,428.3 1 1
github.com/jeduden/mdsmith/internal/schema/extend.go:429.2,429.12 1 1
github.com/jeduden/mdsmith/internal/schema/extend.go:436.45,438.2 1 1
github.com/jeduden/mdsmith/internal/schema/extend.go:445.49,446.26 1 1
github.com/jeduden/mdsmith/internal/schema/extend.go:446.26,449.3 2 1
github.com/jeduden/mdsmith/internal/schema/extend.go:450.2,450.32 1 1
github.com/jeduden/mdsmith/internal/schema/extend.go:457.49,458.29 1 1
github.com/jeduden/mdsmith/internal/schema/extend.go:458.29,462.3 3 1
github.com/jeduden/mdsmith/internal/schema/extend.go:463.2,464.28 2 1
github.com/jeduden/mdsmith/internal/schema/extend.go:467.50,468.36 1 1
github.com/jeduden/mdsmith/internal/schema/extend.go:468.36,471.3 2 1
github.com/jeduden/mdsmith/internal/schema/extend.go:472.2,472.74 1 1
github.com/jeduden/mdsmith/internal/schema/extend.go:475.49,476.27 1 1
github.com/jeduden/mdsmith/internal/schema/extend.go:476.27,479.3 2 1
github.com/jeduden/mdsmith/internal/schema/extend.go:480.2,480.32 1 1
github.com/jeduden/mdsmith/internal/schema/extend.go:483.46,484.24 1 1
github.com/jeduden/mdsmith/internal/schema/extend.go:484.24,487.3 2 1
github.com/jeduden/mdsmith/internal/schema/extend.go:488.2,488.26 1 1
github.com/jeduden/mdsmith/internal/schema/extend.go:503.48,507.2 1 1
github.com/jeduden/mdsmith/internal/schema/extend.go:511.48,511.66 1 1
github.com/jeduden/mdsmith/internal/schema/extend.go:526.50,529.2 1 1
github.com/jeduden/mdsmith/internal/schema/extend.go:532.50,532.68 1 1
github.com/jeduden/mdsmith/internal/schema/extend.go:541.40,544.2 2 1
github.com/jeduden/mdsmith/internal/schema/field_meta.go:39.63,41.9 2 1
github.com/jeduden/mdsmith/internal/schema/field_meta.go:41.9,43.3 1 1
github.com/jeduden/mdsmith/internal/schema/field_meta.go:44.2,44.39 1 1
github.com/jeduden/mdsmith/internal/schema/field_meta.go:44.39,46.3 1 1
github.com/jeduden/mdsmith/internal/schema/field_meta.go:47.2,48.16 2 1
github.com/jeduden/mdsmith/internal/schema/field_meta.go:48.16,50.3 1 1
github.com/jeduden/mdsmith/internal/schema/field_meta.go:51.2,51.13 1 1
github.com/jeduden/mdsmith/internal/schema/field_meta.go:51.13,53.3 1 1
github.com/jeduden/mdsmith/internal/schema/field_meta.go:54.2,55.16 2 1
github.com/jeduden/mdsmith/internal/schema/field_meta.go:55.16,57.3 1 1
github.com/jeduden/mdsmith/internal/schema/field_meta.go:58.2,59.23 2 1
github.com/jeduden/mdsmith/internal/schema/field_meta.go:59.23,60.39 1 1
github.com/jeduden/mdsmith/internal/schema/field_meta.go:60.39,61.12 1 1
github.com/jeduden/mdsmith/internal/schema/field_meta.go:63.3,63.24 1 1
github.com/jeduden/mdsmith/internal/schema/field_meta.go:63.24,67.4 1 1
github.com/jeduden/mdsmith/internal/schema/field_meta.go:68.3,68.57 1 1
github.com/jeduden/mdsmith/internal/schema/field_meta.go:68.57,70.4 1 1
github.com/jeduden/mdsmith/internal/schema/field_meta.go:72.2,72.30 1 1
github.com/jeduden/mdsmith/internal/schema/field_meta.go:82.62,84.12 2 1
github.com/jeduden/mdsmith/internal/schema/field_meta.go:84.12,86.14 2 1
github.com/jeduden/mdsmith/internal/schema/field_meta.go:86.14,89.4 1 1
github.com/jeduden/mdsmith/internal/schema/field_meta.go:90.3,90.14 1 1
github.com/jeduden/mdsmith/internal/schema/field_meta.go:90.14,92.4 1 1
github.com/jeduden/mdsmith/internal/schema/field_meta.go:94.2,94.33 1 1
github.com/jeduden/mdsmith/internal/schema/field_meta.go:94.33,96.3 1 1
github.com/jeduden/mdsmith/internal/schema/field_meta.go:97.2,97.37 1 1
github.com/jeduden/mdsmith/internal/schema/field_meta.go:97.37,99.3 1 1
github.com/jeduden/mdsmith/internal/schema/field_meta.go:100.2,100.19 1 1
github.com/jeduden/mdsmith/internal/schema/field_meta.go:103.41,107.2 1 1
github.com/jeduden/mdsmith/internal/schema/field_meta.go:109.65,110.11 1 1
github.com/jeduden/mdsmith/internal/schema/field_meta.go:111.17,113.10 2 1
github.com/jeduden/mdsmith/internal/schema/field_meta.go:113.10,115.4 1 1
github.com/jeduden/mdsmith/internal/schema/field_meta.go:116.3,116.19 1 1
github.com/jeduden/mdsmith/internal/schema/field_meta.go:117.21,119.10 2 1
github.com/jeduden/mdsmith/internal/schema/field_meta.go:119.10,121.4 1 1
github.com/jeduden/mdsmith/internal/schema/field_meta.go:122.3,122.22 1 1
github.com/jeduden/mdsmith/internal/schema/field_meta.go:124.2,124.12 1 1
github.com/jeduden/mdsmith/internal/schema/hint.go:24.49,26.58 2 1
github.com/jeduden/mdsmith/internal/schema/hint.go:26.58,28.3 1 1
github.com/jeduden/mdsmith/internal/schema/hint.go:29.2,29.49 1 1
github.com/jeduden/mdsmith/internal/schema/hint.go:29.49,31.3 1 1
github.com/jeduden/mdsmith/internal/schema/hint.go:32.2,32.11 1 1
github.com/jeduden/mdsmith/internal/schema/hint.go:35.63,37.9 2 1
github.com/jeduden/mdsmith/internal/schema/hint.go:37.9,39.3 1 1
github.com/jeduden/mdsmith/internal/schema/hint.go:40.2,41.20 2 1
github.com/jeduden/mdsmith/internal/schema/hint.go:41.20,43.3 1 1
github.com/jeduden/mdsmith/internal/schema/hint.go:44.2,45.26 2 1
github.com/jeduden/mdsmith/internal/schema/hint.go:45.26,48.25 3 1
github.com/jeduden/mdsmith/internal/schema/hint.go:48.25,50.4 1 1
github.com/jeduden/mdsmith/internal/schema/hint.go:51.3,52.17 2 1
github.com/jeduden/mdsmith/internal/schema/hint.go:52.17,54.4 1 1
github.com/jeduden/mdsmith/internal/schema/hint.go:55.3,55.35 1 1
github.com/jeduden/mdsmith/internal/schema/hint.go:57.2,59.31 3 1
github.com/jeduden/mdsmith/internal/schema/hint.go:59.31,61.13 2 1
github.com/jeduden/mdsmith/internal/schema/hint.go:61.13,66.4 1 1
github.com/jeduden/mdsmith/internal/schema/hint.go:67.3,67.12 1 1
github.com/jeduden/mdsmith/internal/schema/hint.go:67.12,68.12 1 1
github.com/jeduden/mdsmith/internal/schema/hint.go:70.3,70.37 1 1
github.com/jeduden/mdsmith/internal/schema/hint.go:70.37,73.4 2 1
github.com/jeduden/mdsmith/internal/schema/hint.go:75.2,75.16 1 1
github.com/jeduden/mdsmith/internal/schema/hint.go:75.16,77.3 1 1
github.com/jeduden/mdsmith/internal/schema/hint.go:81.2,81.46 1 1
github.com/jeduden/mdsmith/internal/schema/hint.go:84.54,86.9 2 1
github.com/jeduden/mdsmith/internal/schema/hint.go:86.9,88.3 1 1
github.com/jeduden/mdsmith/internal/schema/hint.go:89.2,90.9 2 1
github.com/jeduden/mdsmith/internal/schema/hint.go:90.9,92.3 1 1
github.com/jeduden/mdsmith/internal/schema/hint.go:97.2,98.9 2 1
github.com/jeduden/mdsmith/internal/schema/hint.go:99.32,100.35 1 1
github.com/jeduden/mdsmith/internal/schema/hint.go:101.32,102.35 1 1
github.com/jeduden/mdsmith/internal/schema/hint.go:104.2,104.11 1 1
github.com/jeduden/mdsmith/internal/schema/hint.go:107.75,108.9 1 1
github.com/jeduden/mdsmith/internal/schema/hint.go:109.51,112.14 3 1
github.com/jeduden/mdsmith/internal/schema/hint.go:112.14,114.4 1 1
github.com/jeduden/mdsmith/internal/schema/hint.go:115.3,117.17 3 1
github.com/jeduden/mdsmith/internal/schema/hint.go:117.17,119.4 1 1
github.com/jeduden/mdsmith/internal/schema/hint.go:120.3,121.17 2 1
github.com/jeduden/mdsmith/internal/schema/hint.go:121.17,123.4 1 1
github.com/jeduden/mdsmith/internal/schema/hint.go:124.3,124.28 1 1
github.com/jeduden/mdsmith/internal/schema/hint.go:125.46,127.17 2 1
github.com/jeduden/mdsmith/internal/schema/hint.go:127.17,129.4 1 1
github.com/jeduden/mdsmith/internal/schema/hint.go:130.3,130.27 1 1
github.com/jeduden/mdsmith/internal/schema/hint.go:131.46,133.17 2 1
github.com/jeduden/mdsmith/internal/schema/hint.go:133.17,135.4 1 1
github.com/jeduden/mdsmith/internal/schema/hint.go:136.3,136.27 1 1
github.com/jeduden/mdsmith/internal/schema/hint.go:138.2,138.27 1 1
github.com/jeduden/mdsmith/internal/schema/hint.go:141.39,142.23 1 1
github.com/jeduden/mdsmith/internal/schema/hint.go:143.15,144.17 1 1
github.com/jeduden/mdsmith/internal/schema/hint.go:145.11,146.26 1 1
github.com/jeduden/mdsmith/internal/schema/hint.go:147.13,148.26 1 1
github.com/jeduden/mdsmith/internal/schema/hint.go:150.2,150.17 1 1
github.com/jeduden/mdsmith/internal/schema/hint.go:175.35,176.52 1 1
github.com/jeduden/mdsmith/internal/schema/hint.go:176.52,188.14 3 1
github.com/jeduden/mdsmith/internal/schema/hint.go:188.14,190.4 1 1
github.com/jeduden/mdsmith/internal/schema/hint.go:191.3,191.12 1 1
github.com/jeduden/mdsmith/internal/schema/hint.go:193.2,195.18 3 1
github.com/jeduden/mdsmith/internal/schema/hint.go:195.18,197.3 1 1
github.com/jeduden/mdsmith/internal/schema/hint.go:198.2,198.18 1 1
github.com/jeduden/mdsmith/internal/schema/hint.go:198.18,200.3 1 1
github.com/jeduden/mdsmith/internal/schema/hint.go:207.2,209.32 3 1
github.com/jeduden/mdsmith/internal/schema/hint.go:209.32,211.3 1 1
github.com/jeduden/mdsmith/internal/schema/hint.go:212.2,212.32 1 1
github.com/jeduden/mdsmith/internal/schema/hint.go:212.32,214.33 2 1
github.com/jeduden/mdsmith/internal/schema/hint.go:214.33,216.26 2 1
github.com/jeduden/mdsmith/internal/schema/hint.go:216.26,218.5 1 1
github.com/jeduden/mdsmith/internal/schema/hint.go:219.4,223.5 1 1
github.com/jeduden/mdsmith/internal/schema/hint.go:225.3,225.26 1 1
github.com/jeduden/mdsmith/internal/schema/hint.go:227.2,227.22 1 1
github.com/jeduden/mdsmith/internal/schema/hint.go:230.30,232.11 2 1
github.com/jeduden/mdsmith/internal/schema/hint.go:232.11,234.3 1 1
github.com/jeduden/mdsmith/internal/schema/hint.go:235.2,235.11 1 1
github.com/jeduden/mdsmith/internal/schema/hint.go:235.11,237.3 1 1
github.com/jeduden/mdsmith/internal/schema/hint.go:238.2,238.10 1 1
github.com/jeduden/mdsmith/internal/schema/hint.go:245.40,247.14 2 1
github.com/jeduden/mdsmith/internal/schema/hint.go:247.14,249.22 2 1
github.com/jeduden/mdsmith/internal/schema/hint.go:249.22,251.4 1 1
github.com/jeduden/mdsmith/internal/schema/hint.go:253.2,253.14 1 1
github.com/jeduden/mdsmith/internal/schema/hint.go:260.47,262.14 2 1
github.com/jeduden/mdsmith/internal/schema/hint.go:262.14,263.17 1 1
github.com/jeduden/mdsmith/internal/schema/hint.go:263.17,265.4 1 1
github.com/jeduden/mdsmith/internal/schema/hint.go:266.3,266.6 1 1
github.com/jeduden/mdsmith/internal/schema/hint.go:268.2,268.10 1 1
github.com/jeduden/mdsmith/internal/schema/index.go:38.41,46.48 2 1
github.com/jeduden/mdsmith/internal/schema/index.go:46.48,48.3 1 1
github.com/jeduden/mdsmith/internal/schema/index.go:49.2,50.15 2 1
github.com/jeduden/mdsmith/internal/schema/index.go:50.15,52.3 1 0
github.com/jeduden/mdsmith/internal/schema/index.go:53.2,53.28 1 1
github.com/jeduden/mdsmith/internal/schema/index.go:58.53,62.16 4 1
github.com/jeduden/mdsmith/internal/schema/index.go:62.16,65.3 2 1
github.com/jeduden/mdsmith/internal/schema/index.go:66.2,66.26 1 1
github.com/jeduden/mdsmith/internal/schema/index.go:71.46,76.2 4 1
github.com/jeduden/mdsmith/internal/schema/index.go:94.60,95.36 1 1
github.com/jeduden/mdsmith/internal/schema/index.go:95.36,97.3 1 1
github.com/jeduden/mdsmith/internal/schema/index.go:98.2,99.40 2 1
github.com/jeduden/mdsmith/internal/schema/index.go:99.40,100.14 1 1
github.com/jeduden/mdsmith/internal/schema/index.go:101.28,102.30 1 1
github.com/jeduden/mdsmith/internal/schema/index.go:103.30,105.18 2 1
github.com/jeduden/mdsmith/internal/schema/index.go:105.18,107.5 1 1
github.com/jeduden/mdsmith/internal/schema/index.go:108.4,108.20 1 1
github.com/jeduden/mdsmith/internal/schema/index.go:109.31,110.33 1 1
github.com/jeduden/mdsmith/internal/schema/index.go:111.33,112.35 1 1
github.com/jeduden/mdsmith/internal/schema/index.go:113.11,114.73 1 1
github.com/jeduden/mdsmith/internal/schema/index.go:117.2,117.42 1 1
github.com/jeduden/mdsmith/internal/schema/index.go:150.50,152.16 2 1
github.com/jeduden/mdsmith/internal/schema/index.go:152.16,155.3 2 1
github.com/jeduden/mdsmith/internal/schema/index.go:156.2,156.17 1 1
github.com/jeduden/mdsmith/internal/schema/index.go:156.17,159.3 2 1
github.com/jeduden/mdsmith/internal/schema/index.go:160.2,160.65 1 1
github.com/jeduden/mdsmith/internal/schema/index.go:160.65,164.3 3 1
github.com/jeduden/mdsmith/internal/schema/index.go:165.2,165.57 1 1
github.com/jeduden/mdsmith/internal/schema/index.go:165.57,168.3 2 1
github.com/jeduden/mdsmith/internal/schema/index.go:169.2,169.52 1 1
github.com/jeduden/mdsmith/internal/schema/index.go:169.52,172.3 2 1
github.com/jeduden/mdsmith/internal/schema/index.go:173.2,173.55 1 1
github.com/jeduden/mdsmith/internal/schema/index.go:173.55,176.3 2 0
github.com/jeduden/mdsmith/internal/schema/index.go:177.2,178.12 2 1
github.com/jeduden/mdsmith/internal/schema/index.go:188.47,190.16 2 1
github.com/jeduden/mdsmith/internal/schema/index.go:190.16,191.25 1 1
github.com/jeduden/mdsmith/internal/schema/index.go:191.25,193.4 1 1
github.com/jeduden/mdsmith/internal/schema/index.go:194.3,194.69 1 0
github.com/jeduden/mdsmith/internal/schema/index.go:196.2,196.37 1 1
github.com/jeduden/mdsmith/internal/schema/index.go:196.37,201.3 1 1
github.com/jeduden/mdsmith/internal/schema/index.go:202.2,202.12 1 1
github.com/jeduden/mdsmith/internal/schema/index.go:210.57,213.16 3 1
github.com/jeduden/mdsmith/internal/schema/index.go:213.16,215.3 1 1
github.com/jeduden/mdsmith/internal/schema/index.go:216.2,217.67 2 1
github.com/jeduden/mdsmith/internal/schema/index.go:217.67,220.3 2 0
github.com/jeduden/mdsmith/internal/schema/index.go:221.2,221.12 1 1
github.com/jeduden/mdsmith/internal/schema/index.go:224.78,225.43 1 1
github.com/jeduden/mdsmith/internal/schema/index.go:225.43,228.3 2 0
github.com/jeduden/mdsmith/internal/schema/index.go:229.2,229.36 1 1
github.com/jeduden/mdsmith/internal/schema/index.go:229.36,231.3 1 0
github.com/jeduden/mdsmith/internal/schema/index.go:232.2,232.49 1 1
github.com/jeduden/mdsmith/internal/schema/index.go:232.49,234.3 1 0
github.com/jeduden/mdsmith/internal/schema/index.go:235.2,235.35 1 1
github.com/jeduden/mdsmith/internal/schema/index.go:246.63,248.16 2 1
github.com/jeduden/mdsmith/internal/schema/index.go:248.16,250.3 1 1
github.com/jeduden/mdsmith/internal/schema/index.go:251.2,254.90 4 1
github.com/jeduden/mdsmith/internal/schema/index.go:254.90,259.3 1 1
github.com/jeduden/mdsmith/internal/schema/index.go:260.2,260.12 1 1
github.com/jeduden/mdsmith/internal/schema/index.go:268.36,270.15 2 1
github.com/jeduden/mdsmith/internal/schema/index.go:270.15,272.3 1 0
github.com/jeduden/mdsmith/internal/schema/index.go:273.2,273.61 1 1
github.com/jeduden/mdsmith/internal/schema/index.go:273.61,275.3 1 1
github.com/jeduden/mdsmith/internal/schema/index.go:276.2,276.28 1 1
github.com/jeduden/mdsmith/internal/schema/index.go:293.75,294.36 1 1
github.com/jeduden/mdsmith/internal/schema/index.go:294.36,296.3 1 1
github.com/jeduden/mdsmith/internal/schema/index.go:297.2,298.48 2 1
github.com/jeduden/mdsmith/internal/schema/index.go:298.48,300.3 1 1
github.com/jeduden/mdsmith/internal/schema/index.go:301.2,302.16 2 1
github.com/jeduden/mdsmith/internal/schema/index.go:302.16,304.3 1 1
github.com/jeduden/mdsmith/internal/schema/index.go:305.2,307.26 3 1
github.com/jeduden/mdsmith/internal/schema/index.go:316.37,317.48 1 1
github.com/jeduden/mdsmith/internal/schema/index.go:317.48,319.3 1 1
github.com/jeduden/mdsmith/internal/schema/index.go:320.2,320.29 1 1
github.com/jeduden/mdsmith/internal/schema/index.go:334.43,335.34 1 1
github.com/jeduden/mdsmith/internal/schema/index.go:335.34,337.3 1 1
github.com/jeduden/mdsmith/internal/schema/index.go:338.2,340.29 1 1
github.com/jeduden/mdsmith/internal/schema/index.go:340.29,342.3 1 1
github.com/jeduden/mdsmith/internal/schema/index.go:343.2,343.37 1 1
github.com/jeduden/mdsmith/internal/schema/index.go:343.37,349.3 1 1
github.com/jeduden/mdsmith/internal/schema/index.go:350.2,351.49 2 1
github.com/jeduden/mdsmith/internal/schema/index.go:351.49,352.19 1 1
github.com/jeduden/mdsmith/internal/schema/index.go:352.19,355.4 1 1
github.com/jeduden/mdsmith/internal/schema/index.go:361.2,362.37 2 1
github.com/jeduden/mdsmith/internal/schema/index.go:362.37,366.3 1 1
github.com/jeduden/mdsmith/internal/schema/index.go:367.2,367.35 1 1
github.com/jeduden/mdsmith/internal/schema/index.go:367.35,370.3 1 1
github.com/jeduden/mdsmith/internal/schema/index.go:371.2,371.12 1 1
github.com/jeduden/mdsmith/internal/schema/index.go:377.42,380.2 1 1
github.com/jeduden/mdsmith/internal/schema/index.go:394.82,396.16 2 1
github.com/jeduden/mdsmith/internal/schema/index.go:396.16,399.3 1 1
github.com/jeduden/mdsmith/internal/schema/index.go:400.2,400.17 1 1
github.com/jeduden/mdsmith/internal/schema/index.go:400.17,406.3 2 1
github.com/jeduden/mdsmith/internal/schema/index.go:407.2,407.57 1 1
github.com/jeduden/mdsmith/internal/schema/index.go:407.57,412.3 1 1
github.com/jeduden/mdsmith/internal/schema/index.go:413.2,414.20 2 1
github.com/jeduden/mdsmith/internal/schema/index.go:414.20,415.29 1 1
github.com/jeduden/mdsmith/internal/schema/index.go:415.29,420.4 1 1
github.com/jeduden/mdsmith/internal/schema/index.go:421.3,424.33 1 1
github.com/jeduden/mdsmith/internal/schema/index.go:426.2,426.35 1 1
github.com/jeduden/mdsmith/internal/schema/index.go:426.35,431.3 1 1
github.com/jeduden/mdsmith/internal/schema/index.go:432.2,432.12 1 1
github.com/jeduden/mdsmith/internal/schema/index.go:439.42,441.2 1 1
github.com/jeduden/mdsmith/internal/schema/index.go:443.43,451.2 3 1
github.com/jeduden/mdsmith/internal/schema/index.go:461.53,463.78 2 1
github.com/jeduden/mdsmith/internal/schema/index.go:463.78,464.16 1 1
github.com/jeduden/mdsmith/internal/schema/index.go:464.16,466.4 1 1
github.com/jeduden/mdsmith/internal/schema/index.go:467.3,468.10 2 1
github.com/jeduden/mdsmith/internal/schema/index.go:468.10,470.4 1 1
github.com/jeduden/mdsmith/internal/schema/index.go:471.3,478.31 3 1
github.com/jeduden/mdsmith/internal/schema/index.go:480.2,480.16 1 1
github.com/jeduden/mdsmith/internal/schema/index.go:480.16,482.3 1 1
github.com/jeduden/mdsmith/internal/schema/index.go:483.2,483.12 1 1
github.com/jeduden/mdsmith/internal/schema/index.go:489.53,498.26 5 1
github.com/jeduden/mdsmith/internal/schema/index.go:498.26,499.62 1 1
github.com/jeduden/mdsmith/internal/schema/index.go:499.62,501.4 1 1
github.com/jeduden/mdsmith/internal/schema/index.go:502.3,502.21 1 1
github.com/jeduden/mdsmith/internal/schema/index.go:502.21,505.4 2 1
github.com/jeduden/mdsmith/internal/schema/index.go:506.3,506.61 1 1
github.com/jeduden/mdsmith/internal/schema/index.go:508.2,508.12 1 1
github.com/jeduden/mdsmith/internal/schema/index.go:526.79,528.35 2 1
github.com/jeduden/mdsmith/internal/schema/index.go:528.35,530.3 1 1
github.com/jeduden/mdsmith/internal/schema/index.go:531.2,532.41 2 1
github.com/jeduden/mdsmith/internal/schema/index.go:532.41,538.16 3 1
github.com/jeduden/mdsmith/internal/schema/index.go:538.16,541.18 3 1
github.com/jeduden/mdsmith/internal/schema/index.go:541.18,545.5 1 1
github.com/jeduden/mdsmith/internal/schema/index.go:546.4,546.34 1 1
github.com/jeduden/mdsmith/internal/schema/index.go:546.34,548.19 2 1
github.com/jeduden/mdsmith/internal/schema/index.go:548.19,552.6 1 1
github.com/jeduden/mdsmith/internal/schema/index.go:555.3,556.28 2 1
github.com/jeduden/mdsmith/internal/schema/index.go:556.28,557.56 1 1
github.com/jeduden/mdsmith/internal/schema/index.go:557.56,558.13 1 1
github.com/jeduden/mdsmith/internal/schema/index.go:560.4,560.60 1 1
github.com/jeduden/mdsmith/internal/schema/index.go:560.60,562.19 2 1
github.com/jeduden/mdsmith/internal/schema/index.go:562.19,563.14 1 1
github.com/jeduden/mdsmith/internal/schema/index.go:565.5,565.39 1 1
github.com/jeduden/mdsmith/internal/schema/index.go:569.2,569.17 1 1
github.com/jeduden/mdsmith/internal/schema/index.go:578.51,581.26 3 1
github.com/jeduden/mdsmith/internal/schema/index.go:581.26,584.23 3 1
github.com/jeduden/mdsmith/internal/schema/index.go:584.23,586.4 1 1
github.com/jeduden/mdsmith/internal/schema/index.go:587.3,588.66 2 1
github.com/jeduden/mdsmith/internal/schema/index.go:588.66,590.4 1 1
github.com/jeduden/mdsmith/internal/schema/index.go:591.3,591.22 1 1
github.com/jeduden/mdsmith/internal/schema/index.go:593.2,593.12 1 1
github.com/jeduden/mdsmith/internal/schema/matcher.go:39.49,41.39 2 1
github.com/jeduden/mdsmith/internal/schema/matcher.go:41.39,43.3 1 1
github.com/jeduden/mdsmith/internal/schema/matcher.go:44.2,45.35 2 1
github.com/jeduden/mdsmith/internal/schema/matcher.go:45.35,47.3 1 1
github.com/jeduden/mdsmith/internal/schema/matcher.go:48.2,50.13 3 1
github.com/jeduden/mdsmith/internal/schema/matcher.go:50.13,52.3 1 1
github.com/jeduden/mdsmith/internal/schema/matcher.go:53.2,55.16 3 1
github.com/jeduden/mdsmith/internal/schema/matcher.go:55.16,57.3 1 1
github.com/jeduden/mdsmith/internal/schema/matcher.go:58.2,58.18 1 1
github.com/jeduden/mdsmith/internal/schema/matcher.go:65.35,67.17 2 1
github.com/jeduden/mdsmith/internal/schema/matcher.go:67.17,68.15 1 1
github.com/jeduden/mdsmith/internal/schema/matcher.go:69.12,70.31 1 1
github.com/jeduden/mdsmith/internal/schema/matcher.go:71.12,72.12 1 1
github.com/jeduden/mdsmith/internal/schema/matcher.go:73.11,74.7 1 1
github.com/jeduden/mdsmith/internal/schema/matcher.go:77.2,77.11 1 1
github.com/jeduden/mdsmith/internal/schema/matcher.go:84.87,85.32 1 1
github.com/jeduden/mdsmith/internal/schema/matcher.go:85.32,87.14 2 1
github.com/jeduden/mdsmith/internal/schema/matcher.go:87.14,89.4 1 1
github.com/jeduden/mdsmith/internal/schema/matcher.go:90.3,93.10 4 1
github.com/jeduden/mdsmith/internal/schema/matcher.go:93.10,95.4 1 1
github.com/jeduden/mdsmith/internal/schema/matcher.go:96.3,97.49 2 1
github.com/jeduden/mdsmith/internal/schema/matcher.go:97.49,99.4 1 1
github.com/jeduden/mdsmith/internal/schema/matcher.go:100.3,100.12 1 1
github.com/jeduden/mdsmith/internal/schema/matcher.go:102.2,102.12 1 1
github.com/jeduden/mdsmith/internal/schema/matcher.go:111.63,114.36 3 1
github.com/jeduden/mdsmith/internal/schema/matcher.go:114.36,116.15 2 1
github.com/jeduden/mdsmith/internal/schema/matcher.go:116.15,118.12 2 1
github.com/jeduden/mdsmith/internal/schema/matcher.go:120.3,120.12 1 1
github.com/jeduden/mdsmith/internal/schema/matcher.go:121.12,122.11 1 1
github.com/jeduden/mdsmith/internal/schema/matcher.go:123.12,124.11 1 1
github.com/jeduden/mdsmith/internal/schema/matcher.go:126.3,126.17 1 1
github.com/jeduden/mdsmith/internal/schema/matcher.go:126.17,128.4 1 1
github.com/jeduden/mdsmith/internal/schema/matcher.go:129.3,129.6 1 1
github.com/jeduden/mdsmith/internal/schema/matcher.go:131.2,131.17 1 1
github.com/jeduden/mdsmith/internal/schema/matcher.go:140.51,142.23 2 1
github.com/jeduden/mdsmith/internal/schema/matcher.go:142.23,143.47 1 1
github.com/jeduden/mdsmith/internal/schema/matcher.go:143.47,145.12 2 1
github.com/jeduden/mdsmith/internal/schema/matcher.go:147.3,147.24 1 1
github.com/jeduden/mdsmith/internal/schema/matcher.go:147.24,149.4 1 1
github.com/jeduden/mdsmith/internal/schema/matcher.go:150.3,150.6 1 1
github.com/jeduden/mdsmith/internal/schema/matcher.go:152.2,152.10 1 1
github.com/jeduden/mdsmith/internal/schema/matcher.go:165.72,166.67 1 1
github.com/jeduden/mdsmith/internal/schema/matcher.go:166.67,168.23 2 1
github.com/jeduden/mdsmith/internal/schema/matcher.go:168.23,170.4 1 1
github.com/jeduden/mdsmith/internal/schema/matcher.go:171.3,171.43 1 1
github.com/jeduden/mdsmith/internal/schema/matcher.go:171.43,173.14 2 1
github.com/jeduden/mdsmith/internal/schema/matcher.go:173.14,184.5 1 1
github.com/jeduden/mdsmith/internal/schema/matcher.go:185.4,185.37 1 1
github.com/jeduden/mdsmith/internal/schema/matcher.go:187.3,187.71 1 1
github.com/jeduden/mdsmith/internal/schema/matcher.go:199.61,200.67 1 1
github.com/jeduden/mdsmith/internal/schema/matcher.go:200.67,202.23 2 1
github.com/jeduden/mdsmith/internal/schema/matcher.go:202.23,204.4 1 1
github.com/jeduden/mdsmith/internal/schema/matcher.go:205.3,205.43 1 1
github.com/jeduden/mdsmith/internal/schema/matcher.go:205.43,206.45 1 1
github.com/jeduden/mdsmith/internal/schema/matcher.go:206.45,211.5 1 1
github.com/jeduden/mdsmith/internal/schema/matcher.go:215.4,215.23 1 1
github.com/jeduden/mdsmith/internal/schema/matcher.go:217.3,217.71 1 1
github.com/jeduden/mdsmith/internal/schema/matcher.go:223.96,226.70 3 1
github.com/jeduden/mdsmith/internal/schema/matcher.go:226.70,229.17 3 1
github.com/jeduden/mdsmith/internal/schema/matcher.go:229.17,231.4 1 1
github.com/jeduden/mdsmith/internal/schema/matcher.go:232.3,234.13 3 1
github.com/jeduden/mdsmith/internal/schema/matcher.go:236.2,236.16 1 1
github.com/jeduden/mdsmith/internal/schema/matcher.go:236.16,238.3 1 1
github.com/jeduden/mdsmith/internal/schema/matcher.go:239.2,240.24 2 1
github.com/jeduden/mdsmith/internal/schema/matcher.go:251.65,253.33 2 1
github.com/jeduden/mdsmith/internal/schema/matcher.go:253.33,255.3 1 1
github.com/jeduden/mdsmith/internal/schema/matcher.go:256.2,257.16 2 1
github.com/jeduden/mdsmith/internal/schema/matcher.go:257.16,259.3 1 1
github.com/jeduden/mdsmith/internal/schema/matcher.go:260.2,260.18 1 1
github.com/jeduden/mdsmith/internal/schema/matcher.go:266.44,268.2 1 1
github.com/jeduden/mdsmith/internal/schema/matcher.go:277.49,279.16 2 1
github.com/jeduden/mdsmith/internal/schema/matcher.go:279.16,281.3 1 1
github.com/jeduden/mdsmith/internal/schema/matcher.go:282.2,282.40 1 1
github.com/jeduden/mdsmith/internal/schema/matcher.go:289.65,290.15 1 1
github.com/jeduden/mdsmith/internal/schema/matcher.go:290.15,292.3 1 1
github.com/jeduden/mdsmith/internal/schema/matcher.go:293.2,293.50 1 1
github.com/jeduden/mdsmith/internal/schema/matcher.go:293.50,295.3 1 1
github.com/jeduden/mdsmith/internal/schema/matcher.go:296.2,296.29 1 1
github.com/jeduden/mdsmith/internal/schema/matcher.go:296.29,297.39 1 1
github.com/jeduden/mdsmith/internal/schema/matcher.go:297.39,299.4 1 1
github.com/jeduden/mdsmith/internal/schema/matcher.go:301.2,301.14 1 1
github.com/jeduden/mdsmith/internal/schema/matcher.go:307.45,309.61 2 1
github.com/jeduden/mdsmith/internal/schema/matcher.go:309.61,310.42 1 1
github.com/jeduden/mdsmith/internal/schema/matcher.go:310.42,312.4 1 1
github.com/jeduden/mdsmith/internal/schema/matcher.go:313.3,313.13 1 1
github.com/jeduden/mdsmith/internal/schema/matcher.go:315.2,315.14 1 1
github.com/jeduden/mdsmith/internal/schema/matcher.go:330.78,331.14 1 1
github.com/jeduden/mdsmith/internal/schema/matcher.go:331.14,333.3 1 1
github.com/jeduden/mdsmith/internal/schema/matcher.go:334.2,335.16 2 1
github.com/jeduden/mdsmith/internal/schema/matcher.go:335.16,337.3 1 1
github.com/jeduden/mdsmith/internal/schema/matcher.go:338.2,339.16 2 1
github.com/jeduden/mdsmith/internal/schema/matcher.go:339.16,341.3 1 1
github.com/jeduden/mdsmith/internal/schema/matcher.go:342.2,343.40 2 1
github.com/jeduden/mdsmith/internal/schema/matcher.go:343.40,344.32 1 1
github.com/jeduden/mdsmith/internal/schema/matcher.go:344.32,346.9 2 1
github.com/jeduden/mdsmith/internal/schema/matcher.go:349.2,349.60 1 1
github.com/jeduden/mdsmith/internal/schema/matcher.go:385.77,386.14 1 1
github.com/jeduden/mdsmith/internal/schema/matcher.go:386.14,388.3 1 1
github.com/jeduden/mdsmith/internal/schema/matcher.go:389.2,391.36 3 1
github.com/jeduden/mdsmith/internal/schema/matcher.go:391.36,394.3 2 1
github.com/jeduden/mdsmith/internal/schema/matcher.go:395.2,397.16 3 1
github.com/jeduden/mdsmith/internal/schema/matcher.go:397.16,399.3 1 1
github.com/jeduden/mdsmith/internal/schema/matcher.go:400.2,401.40 2 1
github.com/jeduden/mdsmith/internal/schema/matcher.go:401.40,404.3 2 1
github.com/jeduden/mdsmith/internal/schema/matcher.go:405.2,405.45 1 1
github.com/jeduden/mdsmith/internal/schema/matcher.go:405.45,407.3 1 1
github.com/jeduden/mdsmith/internal/schema/matcher.go:408.2,410.16 3 1
github.com/jeduden/mdsmith/internal/schema/matcher.go:422.62,424.61 2 1
github.com/jeduden/mdsmith/internal/schema/matcher.go:424.61,427.14 3 1
github.com/jeduden/mdsmith/internal/schema/matcher.go:427.14,429.4 1 1
github.com/jeduden/mdsmith/internal/schema/matcher.go:430.3,433.9 4 1
github.com/jeduden/mdsmith/internal/schema/matcher.go:433.9,435.4 1 1
github.com/jeduden/mdsmith/internal/schema/matcher.go:435.9,437.4 1 1
github.com/jeduden/mdsmith/internal/schema/matcher.go:438.3,439.13 2 1
github.com/jeduden/mdsmith/internal/schema/matcher.go:441.2,441.19 1 1
github.com/jeduden/mdsmith/internal/schema/matcher.go:450.94,451.14 1 1
github.com/jeduden/mdsmith/internal/schema/matcher.go:451.14,453.3 1 1
github.com/jeduden/mdsmith/internal/schema/matcher.go:454.2,455.16 2 1
github.com/jeduden/mdsmith/internal/schema/matcher.go:455.16,457.3 1 1
github.com/jeduden/mdsmith/internal/schema/matcher.go:458.2,459.16 2 1
github.com/jeduden/mdsmith/internal/schema/matcher.go:459.16,461.3 1 1
github.com/jeduden/mdsmith/internal/schema/matcher.go:462.2,465.43 2 1
github.com/jeduden/mdsmith/internal/schema/matcher.go:465.43,466.27 1 1
github.com/jeduden/mdsmith/internal/schema/matcher.go:466.27,467.12 1 1
github.com/jeduden/mdsmith/internal/schema/matcher.go:469.3,469.17 1 1
github.com/jeduden/mdsmith/internal/schema/matcher.go:469.17,471.4 1 1
github.com/jeduden/mdsmith/internal/schema/matcher.go:472.3,472.21 1 1
github.com/jeduden/mdsmith/internal/schema/matcher.go:474.2,474.18 1 1
github.com/jeduden/mdsmith/internal/schema/matcher.go:480.80,481.14 1 1
github.com/jeduden/mdsmith/internal/schema/matcher.go:481.14,483.3 1 1
github.com/jeduden/mdsmith/internal/schema/matcher.go:484.2,485.16 2 1
github.com/jeduden/mdsmith/internal/schema/matcher.go:485.16,487.3 1 1
github.com/jeduden/mdsmith/internal/schema/matcher.go:488.2,489.16 2 1
github.com/jeduden/mdsmith/internal/schema/matcher.go:489.16,491.3 1 1
github.com/jeduden/mdsmith/internal/schema/matcher.go:492.2,492.51 1 1
github.com/jeduden/mdsmith/internal/schema/matcher.go:492.51,494.3 1 1
github.com/jeduden/mdsmith/internal/schema/matcher.go:495.2,495.32 1 1
github.com/jeduden/mdsmith/internal/schema/matchtree.go:24.76,25.36 1 1
github.com/jeduden/mdsmith/internal/schema/matchtree.go:25.36,26.16 1 1
github.com/jeduden/mdsmith/internal/schema/matchtree.go:26.16,28.4 1 1
github.com/jeduden/mdsmith/internal/schema/matchtree.go:29.3,29.24 1 1
github.com/jeduden/mdsmith/internal/schema/matchtree.go:31.2,34.63 4 1
github.com/jeduden/mdsmith/internal/schema/matchtree.go:34.63,37.23 3 1
github.com/jeduden/mdsmith/internal/schema/matchtree.go:37.23,39.4 1 1
github.com/jeduden/mdsmith/internal/schema/matchtree.go:39.9,39.50 1 1
github.com/jeduden/mdsmith/internal/schema/matchtree.go:39.50,41.4 1 1
github.com/jeduden/mdsmith/internal/schema/matchtree.go:42.3,43.13 2 1
github.com/jeduden/mdsmith/internal/schema/matchtree.go:45.2,50.48 6 1
github.com/jeduden/mdsmith/internal/schema/matchtree.go:112.81,114.33 2 1
github.com/jeduden/mdsmith/internal/schema/matchtree.go:114.33,116.3 1 1
github.com/jeduden/mdsmith/internal/schema/matchtree.go:117.2,121.38 4 1
github.com/jeduden/mdsmith/internal/schema/matchtree.go:121.38,123.3 1 1
github.com/jeduden/mdsmith/internal/schema/matchtree.go:125.2,130.11 3 1
github.com/jeduden/mdsmith/internal/schema/matchtree.go:143.3,144.24 1 1
github.com/jeduden/mdsmith/internal/schema/matchtree.go:144.24,146.62 2 1
github.com/jeduden/mdsmith/internal/schema/matchtree.go:146.62,147.12 1 1
github.com/jeduden/mdsmith/internal/schema/matchtree.go:149.3,149.18 1 1
github.com/jeduden/mdsmith/internal/schema/matchtree.go:149.18,154.12 5 1
github.com/jeduden/mdsmith/internal/schema/matchtree.go:156.3,158.5 1 1
github.com/jeduden/mdsmith/internal/schema/matchtree.go:158.5,168.28 6 1
github.com/jeduden/mdsmith/internal/schema/matchtree.go:168.28,173.5 1 1
github.com/jeduden/mdsmith/internal/schema/matchtree.go:174.4,174.49 1 1
github.com/jeduden/mdsmith/internal/schema/matchtree.go:184.86,192.30 3 1
github.com/jeduden/mdsmith/internal/schema/matchtree.go:192.30,194.21 2 1
github.com/jeduden/mdsmith/internal/schema/matchtree.go:194.21,195.12 1 1
github.com/jeduden/mdsmith/internal/schema/matchtree.go:197.3,198.17 2 1
github.com/jeduden/mdsmith/internal/schema/matchtree.go:198.17,199.12 1 1
github.com/jeduden/mdsmith/internal/schema/matchtree.go:201.3,201.18 1 1
github.com/jeduden/mdsmith/internal/schema/matchtree.go:201.18,203.4 1 1
github.com/jeduden/mdsmith/internal/schema/matchtree.go:204.3,204.19 1 1
github.com/jeduden/mdsmith/internal/schema/matchtree.go:206.2,206.13 1 1
github.com/jeduden/mdsmith/internal/schema/matchtree.go:224.3,225.26 1 1
github.com/jeduden/mdsmith/internal/schema/matchtree.go:225.26,227.3 1 1
github.com/jeduden/mdsmith/internal/schema/matchtree.go:228.2,230.29 3 1
github.com/jeduden/mdsmith/internal/schema/matchtree.go:230.29,232.36 2 1
github.com/jeduden/mdsmith/internal/schema/matchtree.go:232.36,233.12 1 1
github.com/jeduden/mdsmith/internal/schema/matchtree.go:235.3,235.28 1 1
github.com/jeduden/mdsmith/internal/schema/matchtree.go:235.28,237.39 2 1
github.com/jeduden/mdsmith/internal/schema/matchtree.go:237.39,242.10 3 1
github.com/jeduden/mdsmith/internal/schema/matchtree.go:244.4,244.58 1 1
github.com/jeduden/mdsmith/internal/schema/matchtree.go:244.58,248.10 1 1
github.com/jeduden/mdsmith/internal/schema/matchtree.go:250.4,250.13 1 1
github.com/jeduden/mdsmith/internal/schema/matchtree.go:257.86,258.43 1 1
github.com/jeduden/mdsmith/internal/schema/matchtree.go:258.43,259.45 1 1
github.com/jeduden/mdsmith/internal/schema/matchtree.go:259.45,260.12 1 1
github.com/jeduden/mdsmith/internal/schema/matchtree.go:262.3,262.42 1 1
github.com/jeduden/mdsmith/internal/schema/matchtree.go:262.42,264.4 1 1
github.com/jeduden/mdsmith/internal/schema/matchtree.go:266.2,266.14 1 1
github.com/jeduden/mdsmith/internal/schema/parse_file.go:50.61,51.14 1 1
github.com/jeduden/mdsmith/internal/schema/parse_file.go:51.14,53.3 1 1
github.com/jeduden/mdsmith/internal/schema/parse_file.go:54.2,55.16 2 1
github.com/jeduden/mdsmith/internal/schema/parse_file.go:55.16,57.3 1 1
github.com/jeduden/mdsmith/internal/schema/parse_file.go:58.2,58.115 1 1
github.com/jeduden/mdsmith/internal/schema/parse_file.go:66.20,72.16 4 1
github.com/jeduden/mdsmith/internal/schema/parse_file.go:72.16,76.3 1 1
github.com/jeduden/mdsmith/internal/schema/parse_file.go:78.2,79.16 2 1
github.com/jeduden/mdsmith/internal/schema/parse_file.go:79.16,81.3 1 0
github.com/jeduden/mdsmith/internal/schema/parse_file.go:83.2,84.16 2 1
github.com/jeduden/mdsmith/internal/schema/parse_file.go:84.16,86.3 1 1
github.com/jeduden/mdsmith/internal/schema/parse_file.go:87.2,87.14 1 1
github.com/jeduden/mdsmith/internal/schema/parse_file.go:87.14,89.3 1 1
github.com/jeduden/mdsmith/internal/schema/parse_file.go:91.2,92.16 2 1
github.com/jeduden/mdsmith/internal/schema/parse_file.go:92.16,94.3 1 1
github.com/jeduden/mdsmith/internal/schema/parse_file.go:95.2,95.37 1 1
github.com/jeduden/mdsmith/internal/schema/parse_file.go:95.37,97.3 1 1
github.com/jeduden/mdsmith/internal/schema/parse_file.go:99.2,100.16 2 1
github.com/jeduden/mdsmith/internal/schema/parse_file.go:100.16,102.3 1 1
github.com/jeduden/mdsmith/internal/schema/parse_file.go:104.2,104.23 1 1
github.com/jeduden/mdsmith/internal/schema/parse_file.go:104.23,106.17 2 1
github.com/jeduden/mdsmith/internal/schema/parse_file.go:106.17,108.4 1 1
github.com/jeduden/mdsmith/internal/schema/parse_file.go:109.3,110.17 2 1
github.com/jeduden/mdsmith/internal/schema/parse_file.go:110.17,113.4 1 1
github.com/jeduden/mdsmith/internal/schema/parse_file.go:114.3,115.23 2 1
github.com/jeduden/mdsmith/internal/schema/parse_file.go:117.2,117.17 1 1
github.com/jeduden/mdsmith/internal/schema/parse_file.go:131.20,133.16 2 1
github.com/jeduden/mdsmith/internal/schema/parse_file.go:133.16,137.3 1 1
github.com/jeduden/mdsmith/internal/schema/parse_file.go:138.2,138.34 1 1
github.com/jeduden/mdsmith/internal/schema/parse_file.go:138.34,141.3 1 1
github.com/jeduden/mdsmith/internal/schema/parse_file.go:142.2,142.23 1 1
github.com/jeduden/mdsmith/internal/schema/parse_file.go:142.23,147.3 3 1
github.com/jeduden/mdsmith/internal/schema/parse_file.go:148.2,149.16 2 1
github.com/jeduden/mdsmith/internal/schema/parse_file.go:149.16,152.3 1 1
github.com/jeduden/mdsmith/internal/schema/parse_file.go:153.2,158.16 6 1
github.com/jeduden/mdsmith/internal/schema/parse_file.go:158.16,160.3 1 1
github.com/jeduden/mdsmith/internal/schema/parse_file.go:161.2,161.20 1 1
github.com/jeduden/mdsmith/internal/schema/parse_file.go:169.72,170.22 1 1
github.com/jeduden/mdsmith/internal/schema/parse_file.go:170.22,172.3 1 1
github.com/jeduden/mdsmith/internal/schema/parse_file.go:173.2,173.32 1 1
github.com/jeduden/mdsmith/internal/schema/parse_file.go:173.32,175.3 1 1
github.com/jeduden/mdsmith/internal/schema/parse_file.go:176.2,176.72 1 1
github.com/jeduden/mdsmith/internal/schema/parse_file.go:176.72,177.19 1 1
github.com/jeduden/mdsmith/internal/schema/parse_file.go:177.19,180.4 1 1
github.com/jeduden/mdsmith/internal/schema/parse_file.go:182.2,183.60 2 1
github.com/jeduden/mdsmith/internal/schema/parse_file.go:198.71,199.19 1 1
github.com/jeduden/mdsmith/internal/schema/parse_file.go:199.19,201.3 1 1
github.com/jeduden/mdsmith/internal/schema/parse_file.go:202.2,203.20 2 1
github.com/jeduden/mdsmith/internal/schema/parse_file.go:203.20,205.3 1 1
github.com/jeduden/mdsmith/internal/schema/parse_file.go:206.2,207.59 2 1
github.com/jeduden/mdsmith/internal/schema/parse_file.go:207.59,209.3 1 1
github.com/jeduden/mdsmith/internal/schema/parse_file.go:210.2,210.19 1 1
github.com/jeduden/mdsmith/internal/schema/parse_file.go:210.19,212.3 1 0
github.com/jeduden/mdsmith/internal/schema/parse_file.go:213.2,214.16 2 1
github.com/jeduden/mdsmith/internal/schema/parse_file.go:214.16,216.3 1 1
github.com/jeduden/mdsmith/internal/schema/parse_file.go:217.2,217.18 1 1
github.com/jeduden/mdsmith/internal/schema/parse_file.go:217.18,219.25 2 1
github.com/jeduden/mdsmith/internal/schema/parse_file.go:219.25,221.18 2 1
github.com/jeduden/mdsmith/internal/schema/parse_file.go:221.18,223.5 1 1
github.com/jeduden/mdsmith/internal/schema/parse_file.go:224.4,224.14 1 1
github.com/jeduden/mdsmith/internal/schema/parse_file.go:224.14,226.35 2 1
github.com/jeduden/mdsmith/internal/schema/parse_file.go:226.35,228.6 1 1
github.com/jeduden/mdsmith/internal/schema/parse_file.go:229.5,230.13 2 1
github.com/jeduden/mdsmith/internal/schema/parse_file.go:232.4,233.18 2 1
github.com/jeduden/mdsmith/internal/schema/parse_file.go:233.18,235.5 1 1
github.com/jeduden/mdsmith/internal/schema/parse_file.go:236.4,236.29 1 1
github.com/jeduden/mdsmith/internal/schema/parse_file.go:244.2,245.16 2 1
github.com/jeduden/mdsmith/internal/schema/parse_file.go:245.16,249.3 3 1
github.com/jeduden/mdsmith/internal/schema/parse_file.go:250.2,250.25 1 1
github.com/jeduden/mdsmith/internal/schema/parse_file.go:259.60,261.9 2 1
github.com/jeduden/mdsmith/internal/schema/parse_file.go:261.9,263.3 1 1
github.com/jeduden/mdsmith/internal/schema/parse_file.go:264.2,265.14 2 1
github.com/jeduden/mdsmith/internal/schema/parse_file.go:265.14,267.3 1 1
github.com/jeduden/mdsmith/internal/schema/parse_file.go:268.2,269.9 2 1
github.com/jeduden/mdsmith/internal/schema/parse_file.go:269.9,271.3 1 1
github.com/jeduden/mdsmith/internal/schema/parse_file.go:272.2,273.19 2 1
github.com/jeduden/mdsmith/internal/schema/parse_file.go:273.19,276.3 1 1
github.com/jeduden/mdsmith/internal/schema/parse_file.go:277.2,277.21 1 1
github.com/jeduden/mdsmith/internal/schema/parse_file.go:290.40,293.2 2 1
github.com/jeduden/mdsmith/internal/schema/parse_file.go:297.59,298.61 1 1
github.com/jeduden/mdsmith/internal/schema/parse_file.go:298.61,300.34 2 1
github.com/jeduden/mdsmith/internal/schema/parse_file.go:300.34,301.12 1 1
github.com/jeduden/mdsmith/internal/schema/parse_file.go:303.3,304.17 2 1
github.com/jeduden/mdsmith/internal/schema/parse_file.go:304.17,306.4 1 0
github.com/jeduden/mdsmith/internal/schema/parse_file.go:307.3,307.17 1 1
github.com/jeduden/mdsmith/internal/schema/parse_file.go:307.17,308.12 1 0
github.com/jeduden/mdsmith/internal/schema/parse_file.go:310.3,311.71 2 1
github.com/jeduden/mdsmith/internal/schema/parse_file.go:311.71,313.4 1 1
github.com/jeduden/mdsmith/internal/schema/parse_file.go:314.3,314.33 1 1
github.com/jeduden/mdsmith/internal/schema/parse_file.go:316.2,316.16 1 1
github.com/jeduden/mdsmith/internal/schema/parse_file.go:319.93,321.22 2 1
github.com/jeduden/mdsmith/internal/schema/parse_file.go:321.22,325.49 4 1
github.com/jeduden/mdsmith/internal/schema/parse_file.go:325.49,327.4 1 1
github.com/jeduden/mdsmith/internal/schema/parse_file.go:328.3,328.38 1 1
github.com/jeduden/mdsmith/internal/schema/parse_file.go:330.2,331.35 2 1
github.com/jeduden/mdsmith/internal/schema/parse_file.go:331.35,334.3 2 1
github.com/jeduden/mdsmith/internal/schema/parse_file.go:335.2,335.24 1 1
github.com/jeduden/mdsmith/internal/schema/parse_file.go:344.34,347.81 3 1
github.com/jeduden/mdsmith/internal/schema/parse_file.go:347.81,348.16 1 1
github.com/jeduden/mdsmith/internal/schema/parse_file.go:348.16,350.4 1 1
github.com/jeduden/mdsmith/internal/schema/parse_file.go:351.3,351.27 1 1
github.com/jeduden/mdsmith/internal/schema/parse_file.go:352.21,354.69 2 1
github.com/jeduden/mdsmith/internal/schema/parse_file.go:355.36,356.30 1 1
github.com/jeduden/mdsmith/internal/schema/parse_file.go:356.30,358.5 1 1
github.com/jeduden/mdsmith/internal/schema/parse_file.go:359.4,360.18 2 1
github.com/jeduden/mdsmith/internal/schema/parse_file.go:360.18,362.5 1 1
github.com/jeduden/mdsmith/internal/schema/parse_file.go:363.4,363.31 1 1
github.com/jeduden/mdsmith/internal/schema/parse_file.go:363.31,365.5 1 1
github.com/jeduden/mdsmith/internal/schema/parse_file.go:366.4,366.34 1 1
github.com/jeduden/mdsmith/internal/schema/parse_file.go:368.3,368.31 1 1
github.com/jeduden/mdsmith/internal/schema/parse_file.go:370.2,370.16 1 1
github.com/jeduden/mdsmith/internal/schema/parse_file.go:370.16,372.3 1 1
github.com/jeduden/mdsmith/internal/schema/parse_file.go:373.2,373.23 1 1
github.com/jeduden/mdsmith/internal/schema/parse_file.go:379.34,381.16 2 1
github.com/jeduden/mdsmith/internal/schema/parse_file.go:381.16,383.3 1 1
github.com/jeduden/mdsmith/internal/schema/parse_file.go:385.2,385.34 1 1
github.com/jeduden/mdsmith/internal/schema/parse_file.go:385.34,388.3 1 1
github.com/jeduden/mdsmith/internal/schema/parse_file.go:389.2,389.23 1 1
github.com/jeduden/mdsmith/internal/schema/parse_file.go:389.23,394.3 3 1
github.com/jeduden/mdsmith/internal/schema/parse_file.go:396.2,397.16 2 1
github.com/jeduden/mdsmith/internal/schema/parse_file.go:397.16,400.3 1 1
github.com/jeduden/mdsmith/internal/schema/parse_file.go:402.2,404.16 3 1
github.com/jeduden/mdsmith/internal/schema/parse_file.go:404.16,407.3 1 0
github.com/jeduden/mdsmith/internal/schema/parse_file.go:409.2,410.16 2 1
github.com/jeduden/mdsmith/internal/schema/parse_file.go:410.16,412.3 1 0
github.com/jeduden/mdsmith/internal/schema/parse_file.go:414.2,419.16 6 1
github.com/jeduden/mdsmith/internal/schema/parse_file.go:419.16,421.3 1 1
github.com/jeduden/mdsmith/internal/schema/parse_file.go:422.2,422.30 1 1
github.com/jeduden/mdsmith/internal/schema/parse_file.go:422.30,424.3 1 0
github.com/jeduden/mdsmith/internal/schema/parse_file.go:426.2,426.22 1 1
github.com/jeduden/mdsmith/internal/schema/parse_file.go:431.19,433.16 2 1
github.com/jeduden/mdsmith/internal/schema/parse_file.go:433.16,435.3 1 0
github.com/jeduden/mdsmith/internal/schema/parse_file.go:436.2,436.16 1 1
github.com/jeduden/mdsmith/internal/schema/parse_file.go:436.16,439.3 1 1
github.com/jeduden/mdsmith/internal/schema/parse_file.go:440.2,441.70 2 1
github.com/jeduden/mdsmith/internal/schema/parse_file.go:441.70,443.3 1 1
github.com/jeduden/mdsmith/internal/schema/parse_file.go:444.2,445.21 2 1
github.com/jeduden/mdsmith/internal/schema/parse_file.go:445.21,448.3 1 1
github.com/jeduden/mdsmith/internal/schema/parse_file.go:449.2,449.31 1 1
github.com/jeduden/mdsmith/internal/schema/parse_file.go:449.31,451.3 1 1
github.com/jeduden/mdsmith/internal/schema/parse_file.go:452.2,452.71 1 1
github.com/jeduden/mdsmith/internal/schema/parse_file.go:452.71,453.19 1 1
github.com/jeduden/mdsmith/internal/schema/parse_file.go:453.19,456.4 1 1
github.com/jeduden/mdsmith/internal/schema/parse_file.go:458.2,459.59 2 1
github.com/jeduden/mdsmith/internal/schema/parse_file.go:468.60,470.19 2 1
github.com/jeduden/mdsmith/internal/schema/parse_file.go:470.19,472.3 1 1
github.com/jeduden/mdsmith/internal/schema/parse_file.go:473.2,473.21 1 1
github.com/jeduden/mdsmith/internal/schema/parse_file.go:473.21,474.27 1 1
github.com/jeduden/mdsmith/internal/schema/parse_file.go:474.27,476.4 1 1
github.com/jeduden/mdsmith/internal/schema/parse_file.go:477.3,479.55 3 1
github.com/jeduden/mdsmith/internal/schema/parse_file.go:479.55,481.4 1 1
github.com/jeduden/mdsmith/internal/schema/parse_file.go:482.3,482.59 1 1
github.com/jeduden/mdsmith/internal/schema/parse_file.go:484.2,484.45 1 1
github.com/jeduden/mdsmith/internal/schema/parse_file.go:502.66,504.26 2 1
github.com/jeduden/mdsmith/internal/schema/parse_file.go:504.26,505.44 1 1
github.com/jeduden/mdsmith/internal/schema/parse_file.go:505.44,507.4 1 1
github.com/jeduden/mdsmith/internal/schema/parse_file.go:509.2,509.20 1 1
github.com/jeduden/mdsmith/internal/schema/parse_file.go:509.20,511.3 1 1
github.com/jeduden/mdsmith/internal/schema/parse_file.go:513.2,520.26 4 1
github.com/jeduden/mdsmith/internal/schema/parse_file.go:520.26,521.26 1 1
github.com/jeduden/mdsmith/internal/schema/parse_file.go:521.26,522.12 1 0
github.com/jeduden/mdsmith/internal/schema/parse_file.go:524.3,524.62 1 1
github.com/jeduden/mdsmith/internal/schema/parse_file.go:524.62,529.4 4 1
github.com/jeduden/mdsmith/internal/schema/parse_file.go:530.3,532.17 3 1
github.com/jeduden/mdsmith/internal/schema/parse_file.go:532.17,534.4 1 1
github.com/jeduden/mdsmith/internal/schema/parse_file.go:535.3,536.48 2 1
github.com/jeduden/mdsmith/internal/schema/parse_file.go:538.2,538.21 1 1
github.com/jeduden/mdsmith/internal/schema/parse_file.go:538.21,543.3 4 1
github.com/jeduden/mdsmith/internal/schema/parse_file.go:544.2,544.36 1 1
github.com/jeduden/mdsmith/internal/schema/parse_file.go:550.56,551.33 1 1
github.com/jeduden/mdsmith/internal/schema/parse_file.go:552.23,561.9 1 1
github.com/jeduden/mdsmith/internal/schema/parse_file.go:562.11,568.9 1 1
github.com/jeduden/mdsmith/internal/schema/parse_file.go:570.2,570.37 1 1
github.com/jeduden/mdsmith/internal/schema/parse_file.go:570.37,572.36 2 1
github.com/jeduden/mdsmith/internal/schema/parse_file.go:572.36,577.4 1 1
github.com/jeduden/mdsmith/internal/schema/parse_file.go:578.3,582.9 1 1
github.com/jeduden/mdsmith/internal/schema/parse_file.go:584.2,588.8 1 1
github.com/jeduden/mdsmith/internal/schema/parse_file.go:597.42,600.21 3 1
github.com/jeduden/mdsmith/internal/schema/parse_file.go:600.21,602.3 1 0
github.com/jeduden/mdsmith/internal/schema/parse_file.go:603.2,604.29 2 1
github.com/jeduden/mdsmith/internal/schema/parse_file.go:604.29,606.22 2 1
github.com/jeduden/mdsmith/internal/schema/parse_file.go:606.22,608.19 2 1
github.com/jeduden/mdsmith/internal/schema/parse_file.go:608.19,610.5 1 1
github.com/jeduden/mdsmith/internal/schema/parse_file.go:610.10,614.5 3 1
github.com/jeduden/mdsmith/internal/schema/parse_file.go:617.2,617.19 1 1
github.com/jeduden/mdsmith/internal/schema/parse_file.go:621.56,623.57 2 1
github.com/jeduden/mdsmith/internal/schema/parse_file.go:623.57,625.3 1 1
github.com/jeduden/mdsmith/internal/schema/parse_file.go:626.2,626.21 1 1
github.com/jeduden/mdsmith/internal/schema/parse_file.go:629.69,630.32 1 1
github.com/jeduden/mdsmith/internal/schema/parse_file.go:630.32,633.3 2 1
github.com/jeduden/mdsmith/internal/schema/parse_file.go:634.2,634.36 1 1
github.com/jeduden/mdsmith/internal/schema/parse_file.go:634.36,635.58 1 1
github.com/jeduden/mdsmith/internal/schema/parse_file.go:635.58,637.4 1 1
github.com/jeduden/mdsmith/internal/schema/parse_file.go:638.3,638.9 1 1
github.com/jeduden/mdsmith/internal/schema/parse_file.go:640.2,640.57 1 1
github.com/jeduden/mdsmith/internal/schema/parse_file.go:640.57,642.3 1 1
github.com/jeduden/mdsmith/internal/schema/parse_inline.go:32.70,33.16 1 1
github.com/jeduden/mdsmith/internal/schema/parse_inline.go:33.16,35.3 1 1
github.com/jeduden/mdsmith/internal/schema/parse_inline.go:37.2,39.57 2 1
github.com/jeduden/mdsmith/internal/schema/parse_inline.go:39.57,41.3 1 1
github.com/jeduden/mdsmith/internal/schema/parse_inline.go:42.2,43.79 1 1
github.com/jeduden/mdsmith/internal/schema/parse_inline.go:43.79,45.3 1 1
github.com/jeduden/mdsmith/internal/schema/parse_inline.go:46.2,46.54 1 1
github.com/jeduden/mdsmith/internal/schema/parse_inline.go:46.54,48.3 1 1
github.com/jeduden/mdsmith/internal/schema/parse_inline.go:49.2,49.56 1 1
github.com/jeduden/mdsmith/internal/schema/parse_inline.go:49.56,51.3 1 1
github.com/jeduden/mdsmith/internal/schema/parse_inline.go:52.2,52.54 1 1
github.com/jeduden/mdsmith/internal/schema/parse_inline.go:52.54,54.3 1 1
github.com/jeduden/mdsmith/internal/schema/parse_inline.go:55.2,55.61 1 1
github.com/jeduden/mdsmith/internal/schema/parse_inline.go:55.61,57.3 1 1
github.com/jeduden/mdsmith/internal/schema/parse_inline.go:58.2,58.54 1 1
github.com/jeduden/mdsmith/internal/schema/parse_inline.go:58.54,60.3 1 1
github.com/jeduden/mdsmith/internal/schema/parse_inline.go:61.2,61.51 1 1
github.com/jeduden/mdsmith/internal/schema/parse_inline.go:61.51,63.3 1 1
github.com/jeduden/mdsmith/internal/schema/parse_inline.go:71.2,71.72 1 1
github.com/jeduden/mdsmith/internal/schema/parse_inline.go:71.72,76.3 1 1
github.com/jeduden/mdsmith/internal/schema/parse_inline.go:78.2,78.50 1 1
github.com/jeduden/mdsmith/internal/schema/parse_inline.go:78.50,80.3 1 1
github.com/jeduden/mdsmith/internal/schema/parse_inline.go:82.2,82.17 1 1
github.com/jeduden/mdsmith/internal/schema/parse_inline.go:102.53,103.21 1 1
github.com/jeduden/mdsmith/internal/schema/parse_inline.go:103.21,104.24 1 1
github.com/jeduden/mdsmith/internal/schema/parse_inline.go:104.24,106.4 1 1
github.com/jeduden/mdsmith/internal/schema/parse_inline.go:108.2,108.12 1 1
github.com/jeduden/mdsmith/internal/schema/parse_inline.go:111.69,112.27 1 1
github.com/jeduden/mdsmith/internal/schema/parse_inline.go:112.27,114.3 1 1
github.com/jeduden/mdsmith/internal/schema/parse_inline.go:115.2,115.12 1 1
github.com/jeduden/mdsmith/internal/schema/parse_inline.go:118.68,120.9 2 1
github.com/jeduden/mdsmith/internal/schema/parse_inline.go:120.9,122.3 1 1
github.com/jeduden/mdsmith/internal/schema/parse_inline.go:123.2,124.9 2 1
github.com/jeduden/mdsmith/internal/schema/parse_inline.go:124.9,126.3 1 1
github.com/jeduden/mdsmith/internal/schema/parse_inline.go:127.2,128.23 2 1
github.com/jeduden/mdsmith/internal/schema/parse_inline.go:128.23,130.17 2 1
github.com/jeduden/mdsmith/internal/schema/parse_inline.go:130.17,132.4 1 1
github.com/jeduden/mdsmith/internal/schema/parse_inline.go:133.3,133.13 1 1
github.com/jeduden/mdsmith/internal/schema/parse_inline.go:133.13,135.34 2 1
github.com/jeduden/mdsmith/internal/schema/parse_inline.go:135.34,137.5 1 1
github.com/jeduden/mdsmith/internal/schema/parse_inline.go:138.4,139.12 2 1
github.com/jeduden/mdsmith/internal/schema/parse_inline.go:141.3,142.17 2 1
github.com/jeduden/mdsmith/internal/schema/parse_inline.go:142.17,144.4 1 1
github.com/jeduden/mdsmith/internal/schema/parse_inline.go:145.3,145.28 1 1
github.com/jeduden/mdsmith/internal/schema/parse_inline.go:147.2,147.12 1 1
github.com/jeduden/mdsmith/internal/schema/parse_inline.go:162.45,163.23 1 1
github.com/jeduden/mdsmith/internal/schema/parse_inline.go:164.14,166.17 2 1
github.com/jeduden/mdsmith/internal/schema/parse_inline.go:166.17,168.4 1 1
github.com/jeduden/mdsmith/internal/schema/parse_inline.go:169.3,170.17 2 1
github.com/jeduden/mdsmith/internal/schema/parse_inline.go:170.17,172.4 1 1
github.com/jeduden/mdsmith/internal/schema/parse_inline.go:173.3,173.14 1 1
github.com/jeduden/mdsmith/internal/schema/parse_inline.go:173.14,175.4 1 1
github.com/jeduden/mdsmith/internal/schema/parse_inline.go:176.3,176.19 1 1
github.com/jeduden/mdsmith/internal/schema/parse_inline.go:177.38,183.24 2 1
github.com/jeduden/mdsmith/internal/schema/parse_inline.go:184.29,186.17 2 1
github.com/jeduden/mdsmith/internal/schema/parse_inline.go:186.17,188.4 1 1
github.com/jeduden/mdsmith/internal/schema/parse_inline.go:189.3,189.24 1 1
github.com/jeduden/mdsmith/internal/schema/parse_inline.go:190.10,191.56 1 1
github.com/jeduden/mdsmith/internal/schema/parse_inline.go:195.65,197.9 2 1
github.com/jeduden/mdsmith/internal/schema/parse_inline.go:197.9,199.3 1 1
github.com/jeduden/mdsmith/internal/schema/parse_inline.go:200.2,201.9 2 1
github.com/jeduden/mdsmith/internal/schema/parse_inline.go:201.9,203.3 1 1
github.com/jeduden/mdsmith/internal/schema/parse_inline.go:204.2,205.12 2 1
github.com/jeduden/mdsmith/internal/schema/parse_inline.go:208.67,210.9 2 1
github.com/jeduden/mdsmith/internal/schema/parse_inline.go:210.9,212.3 1 1
github.com/jeduden/mdsmith/internal/schema/parse_inline.go:213.2,214.9 2 1
github.com/jeduden/mdsmith/internal/schema/parse_inline.go:214.9,216.3 1 1
github.com/jeduden/mdsmith/internal/schema/parse_inline.go:217.2,218.12 2 1
github.com/jeduden/mdsmith/internal/schema/parse_inline.go:221.65,223.9 2 1
github.com/jeduden/mdsmith/internal/schema/parse_inline.go:223.9,225.3 1 1
github.com/jeduden/mdsmith/internal/schema/parse_inline.go:226.2,227.9 2 1
github.com/jeduden/mdsmith/internal/schema/parse_inline.go:227.9,229.3 1 1
github.com/jeduden/mdsmith/internal/schema/parse_inline.go:230.2,231.16 2 1
github.com/jeduden/mdsmith/internal/schema/parse_inline.go:231.16,233.3 1 1
github.com/jeduden/mdsmith/internal/schema/parse_inline.go:234.2,235.12 2 1
github.com/jeduden/mdsmith/internal/schema/parse_inline.go:238.69,240.29 2 1
github.com/jeduden/mdsmith/internal/schema/parse_inline.go:240.29,242.17 2 1
github.com/jeduden/mdsmith/internal/schema/parse_inline.go:242.17,244.4 1 1
github.com/jeduden/mdsmith/internal/schema/parse_inline.go:245.3,245.28 1 1
github.com/jeduden/mdsmith/internal/schema/parse_inline.go:245.28,250.4 1 1
github.com/jeduden/mdsmith/internal/schema/parse_inline.go:251.3,251.30 1 1
github.com/jeduden/mdsmith/internal/schema/parse_inline.go:253.2,253.66 1 1
github.com/jeduden/mdsmith/internal/schema/parse_inline.go:253.66,255.3 1 1
github.com/jeduden/mdsmith/internal/schema/parse_inline.go:256.2,256.20 1 1
github.com/jeduden/mdsmith/internal/schema/parse_inline.go:264.69,266.24 2 1
github.com/jeduden/mdsmith/internal/schema/parse_inline.go:266.24,268.27 2 1
github.com/jeduden/mdsmith/internal/schema/parse_inline.go:268.27,269.12 1 1
github.com/jeduden/mdsmith/internal/schema/parse_inline.go:271.3,271.31 1 1
github.com/jeduden/mdsmith/internal/schema/parse_inline.go:271.31,277.4 1 1
github.com/jeduden/mdsmith/internal/schema/parse_inline.go:278.3,278.15 1 1
github.com/jeduden/mdsmith/internal/schema/parse_inline.go:280.2,280.12 1 1
github.com/jeduden/mdsmith/internal/schema/parse_inline.go:314.67,316.9 2 1
github.com/jeduden/mdsmith/internal/schema/parse_inline.go:316.9,319.3 1 1
github.com/jeduden/mdsmith/internal/schema/parse_inline.go:325.2,325.41 1 1
github.com/jeduden/mdsmith/internal/schema/parse_inline.go:325.41,326.34 1 1
github.com/jeduden/mdsmith/internal/schema/parse_inline.go:326.34,328.4 1 1
github.com/jeduden/mdsmith/internal/schema/parse_inline.go:330.2,330.48 1 1
github.com/jeduden/mdsmith/internal/schema/parse_inline.go:330.48,335.3 1 1
github.com/jeduden/mdsmith/internal/schema/parse_inline.go:336.2,337.55 2 1
github.com/jeduden/mdsmith/internal/schema/parse_inline.go:337.55,339.3 1 1
github.com/jeduden/mdsmith/internal/schema/parse_inline.go:340.2,340.56 1 1
github.com/jeduden/mdsmith/internal/schema/parse_inline.go:340.56,342.3 1 1
github.com/jeduden/mdsmith/internal/schema/parse_inline.go:343.2,343.16 1 1
github.com/jeduden/mdsmith/internal/schema/parse_inline.go:350.72,351.17 1 1
github.com/jeduden/mdsmith/internal/schema/parse_inline.go:351.17,357.3 1 1
github.com/jeduden/mdsmith/internal/schema/parse_inline.go:369.2,369.31 1 1
github.com/jeduden/mdsmith/internal/schema/parse_inline.go:369.31,372.3 1 1
github.com/jeduden/mdsmith/internal/schema/parse_inline.go:377.2,377.32 1 1
github.com/jeduden/mdsmith/internal/schema/parse_inline.go:377.32,378.29 1 1
github.com/jeduden/mdsmith/internal/schema/parse_inline.go:378.29,384.4 1 1
github.com/jeduden/mdsmith/internal/schema/parse_inline.go:386.2,386.12 1 1
github.com/jeduden/mdsmith/internal/schema/parse_inline.go:393.37,394.14 1 1
github.com/jeduden/mdsmith/internal/schema/parse_inline.go:394.14,396.3 1 1
github.com/jeduden/mdsmith/internal/schema/parse_inline.go:397.2,397.21 1 1
github.com/jeduden/mdsmith/internal/schema/parse_inline.go:397.21,399.3 1 1
github.com/jeduden/mdsmith/internal/schema/parse_inline.go:400.2,400.61 1 1
github.com/jeduden/mdsmith/internal/schema/parse_inline.go:400.61,402.3 1 1
github.com/jeduden/mdsmith/internal/schema/parse_inline.go:403.2,403.13 1 1
github.com/jeduden/mdsmith/internal/schema/parse_inline.go:411.38,413.2 1 1
github.com/jeduden/mdsmith/internal/schema/parse_inline.go:419.77,420.25 1 1
github.com/jeduden/mdsmith/internal/schema/parse_inline.go:420.25,421.24 1 1
github.com/jeduden/mdsmith/internal/schema/parse_inline.go:421.24,426.4 1 1
github.com/jeduden/mdsmith/internal/schema/parse_inline.go:428.2,428.12 1 1
github.com/jeduden/mdsmith/internal/schema/parse_inline.go:434.71,435.23 1 1
github.com/jeduden/mdsmith/internal/schema/parse_inline.go:435.23,437.12 2 1
github.com/jeduden/mdsmith/internal/schema/parse_inline.go:438.18,439.39 1 1
github.com/jeduden/mdsmith/internal/schema/parse_inline.go:440.17,441.47 1 1
github.com/jeduden/mdsmith/internal/schema/parse_inline.go:442.19,443.40 1 1
github.com/jeduden/mdsmith/internal/schema/parse_inline.go:444.16,445.37 1 1
github.com/jeduden/mdsmith/internal/schema/parse_inline.go:446.18,447.39 1 1
github.com/jeduden/mdsmith/internal/schema/parse_inline.go:448.15,449.36 1 1
github.com/jeduden/mdsmith/internal/schema/parse_inline.go:450.11,451.58 1 1
github.com/jeduden/mdsmith/internal/schema/parse_inline.go:453.3,453.17 1 1
github.com/jeduden/mdsmith/internal/schema/parse_inline.go:453.17,455.4 1 1
github.com/jeduden/mdsmith/internal/schema/parse_inline.go:457.2,457.12 1 1
github.com/jeduden/mdsmith/internal/schema/parse_inline.go:464.56,466.9 2 1
github.com/jeduden/mdsmith/internal/schema/parse_inline.go:466.9,468.3 1 1
github.com/jeduden/mdsmith/internal/schema/parse_inline.go:469.2,470.12 2 1
github.com/jeduden/mdsmith/internal/schema/parse_inline.go:477.59,478.23 1 1
github.com/jeduden/mdsmith/internal/schema/parse_inline.go:479.11,481.13 2 1
github.com/jeduden/mdsmith/internal/schema/parse_inline.go:482.14,483.43 1 1
github.com/jeduden/mdsmith/internal/schema/parse_inline.go:484.22,485.42 1 1
github.com/jeduden/mdsmith/internal/schema/parse_inline.go:486.10,489.12 1 1
github.com/jeduden/mdsmith/internal/schema/parse_inline.go:493.60,494.32 1 1
github.com/jeduden/mdsmith/internal/schema/parse_inline.go:494.32,497.3 1 1
github.com/jeduden/mdsmith/internal/schema/parse_inline.go:498.2,498.45 1 1
github.com/jeduden/mdsmith/internal/schema/parse_inline.go:498.45,503.3 1 1
github.com/jeduden/mdsmith/internal/schema/parse_inline.go:504.2,506.12 3 1
github.com/jeduden/mdsmith/internal/schema/parse_inline.go:516.74,517.17 1 1
github.com/jeduden/mdsmith/internal/schema/parse_inline.go:517.17,521.3 1 1
github.com/jeduden/mdsmith/internal/schema/parse_inline.go:522.2,522.41 1 1
github.com/jeduden/mdsmith/internal/schema/parse_inline.go:522.41,523.34 1 1
github.com/jeduden/mdsmith/internal/schema/parse_inline.go:523.34,525.4 1 1
github.com/jeduden/mdsmith/internal/schema/parse_inline.go:527.2,528.22 2 1
github.com/jeduden/mdsmith/internal/schema/parse_inline.go:528.22,530.12 2 1
github.com/jeduden/mdsmith/internal/schema/parse_inline.go:531.16,532.43 1 1
github.com/jeduden/mdsmith/internal/schema/parse_inline.go:533.17,534.44 1 1
github.com/jeduden/mdsmith/internal/schema/parse_inline.go:535.21,536.66 1 1
github.com/jeduden/mdsmith/internal/schema/parse_inline.go:537.11,539.59 1 1
github.com/jeduden/mdsmith/internal/schema/parse_inline.go:541.3,541.17 1 1
github.com/jeduden/mdsmith/internal/schema/parse_inline.go:541.17,543.4 1 1
github.com/jeduden/mdsmith/internal/schema/parse_inline.go:545.2,545.44 1 1
github.com/jeduden/mdsmith/internal/schema/parse_inline.go:545.44,549.3 1 1
github.com/jeduden/mdsmith/internal/schema/parse_inline.go:550.2,550.51 1 1
github.com/jeduden/mdsmith/internal/schema/parse_inline.go:550.51,555.3 1 1
github.com/jeduden/mdsmith/internal/schema/parse_inline.go:561.2,561.41 1 1
github.com/jeduden/mdsmith/internal/schema/parse_inline.go:561.41,567.3 1 1
github.com/jeduden/mdsmith/internal/schema/parse_inline.go:568.2,568.60 1 1
github.com/jeduden/mdsmith/internal/schema/parse_inline.go:568.60,572.3 1 1
github.com/jeduden/mdsmith/internal/schema/parse_inline.go:573.2,575.12 3 1
github.com/jeduden/mdsmith/internal/schema/parse_inline.go:578.60,580.9 2 1
github.com/jeduden/mdsmith/internal/schema/parse_inline.go:580.9,582.3 1 1
github.com/jeduden/mdsmith/internal/schema/parse_inline.go:583.2,583.32 1 1
github.com/jeduden/mdsmith/internal/schema/parse_inline.go:583.32,585.3 1 1
github.com/jeduden/mdsmith/internal/schema/parse_inline.go:592.2,593.16 2 1
github.com/jeduden/mdsmith/internal/schema/parse_inline.go:593.16,595.3 1 1
github.com/jeduden/mdsmith/internal/schema/parse_inline.go:596.2,596.65 1 1
github.com/jeduden/mdsmith/internal/schema/parse_inline.go:596.65,598.3 1 1
github.com/jeduden/mdsmith/internal/schema/parse_inline.go:599.2,600.12 2 1
github.com/jeduden/mdsmith/internal/schema/parse_inline.go:603.61,605.9 2 1
github.com/jeduden/mdsmith/internal/schema/parse_inline.go:605.9,607.3 1 1
github.com/jeduden/mdsmith/internal/schema/parse_inline.go:608.2,608.18 1 1
github.com/jeduden/mdsmith/internal/schema/parse_inline.go:608.18,612.3 1 1
github.com/jeduden/mdsmith/internal/schema/parse_inline.go:613.2,615.24 3 1
github.com/jeduden/mdsmith/internal/schema/parse_inline.go:615.24,616.12 1 1
github.com/jeduden/mdsmith/internal/schema/parse_inline.go:617.14,619.78 2 1
github.com/jeduden/mdsmith/internal/schema/parse_inline.go:619.78,621.5 1 1
github.com/jeduden/mdsmith/internal/schema/parse_inline.go:622.14,624.78 2 1
github.com/jeduden/mdsmith/internal/schema/parse_inline.go:624.78,626.5 1 1
github.com/jeduden/mdsmith/internal/schema/parse_inline.go:627.11,629.68 1 1
github.com/jeduden/mdsmith/internal/schema/parse_inline.go:632.2,632.26 1 1
github.com/jeduden/mdsmith/internal/schema/parse_inline.go:632.26,636.3 1 1
github.com/jeduden/mdsmith/internal/schema/parse_inline.go:637.2,637.39 1 1
github.com/jeduden/mdsmith/internal/schema/parse_inline.go:637.39,641.3 1 1
github.com/jeduden/mdsmith/internal/schema/parse_inline.go:642.2,643.12 2 1
github.com/jeduden/mdsmith/internal/schema/parse_inline.go:650.60,651.23 1 1
github.com/jeduden/mdsmith/internal/schema/parse_inline.go:652.11,653.12 1 1
github.com/jeduden/mdsmith/internal/schema/parse_inline.go:653.12,655.4 1 1
github.com/jeduden/mdsmith/internal/schema/parse_inline.go:656.3,656.11 1 1
github.com/jeduden/mdsmith/internal/schema/parse_inline.go:657.13,658.12 1 1
github.com/jeduden/mdsmith/internal/schema/parse_inline.go:658.12,660.4 1 1
github.com/jeduden/mdsmith/internal/schema/parse_inline.go:661.3,661.16 1 1
github.com/jeduden/mdsmith/internal/schema/parse_inline.go:662.15,663.40 1 1
github.com/jeduden/mdsmith/internal/schema/parse_inline.go:663.40,666.4 1 1
github.com/jeduden/mdsmith/internal/schema/parse_inline.go:667.3,667.12 1 1
github.com/jeduden/mdsmith/internal/schema/parse_inline.go:667.12,670.4 1 1
github.com/jeduden/mdsmith/internal/schema/parse_inline.go:671.3,671.25 1 1
github.com/jeduden/mdsmith/internal/schema/parse_inline.go:671.25,674.4 1 1
github.com/jeduden/mdsmith/internal/schema/parse_inline.go:675.3,675.31 1 1
github.com/jeduden/mdsmith/internal/schema/parse_inline.go:675.31,679.4 1 1
github.com/jeduden/mdsmith/internal/schema/parse_inline.go:680.3,680.16 1 1
github.com/jeduden/mdsmith/internal/schema/parse_inline.go:681.10,682.70 1 1
github.com/jeduden/mdsmith/internal/schema/parse_inline.go:684.2,684.12 1 1
github.com/jeduden/mdsmith/internal/schema/parse_inline.go:687.61,689.9 2 1
github.com/jeduden/mdsmith/internal/schema/parse_inline.go:689.9,691.3 1 1
github.com/jeduden/mdsmith/internal/schema/parse_inline.go:692.2,693.12 2 1
github.com/jeduden/mdsmith/internal/schema/parse_inline.go:696.60,698.9 2 1
github.com/jeduden/mdsmith/internal/schema/parse_inline.go:698.9,700.3 1 1
github.com/jeduden/mdsmith/internal/schema/parse_inline.go:701.2,702.16 2 1
github.com/jeduden/mdsmith/internal/schema/parse_inline.go:702.16,704.3 1 1
github.com/jeduden/mdsmith/internal/schema/parse_inline.go:705.2,706.12 2 1
github.com/jeduden/mdsmith/internal/schema/parse_inline.go:709.57,711.9 2 1
github.com/jeduden/mdsmith/internal/schema/parse_inline.go:711.9,713.3 1 1
github.com/jeduden/mdsmith/internal/schema/parse_inline.go:714.2,715.25 2 1
github.com/jeduden/mdsmith/internal/schema/parse_inline.go:715.25,717.10 2 1
github.com/jeduden/mdsmith/internal/schema/parse_inline.go:717.10,720.4 1 1
github.com/jeduden/mdsmith/internal/schema/parse_inline.go:721.3,721.20 1 1
github.com/jeduden/mdsmith/internal/schema/parse_inline.go:723.2,723.12 1 1
github.com/jeduden/mdsmith/internal/schema/parse_inline.go:731.42,732.29 1 1
github.com/jeduden/mdsmith/internal/schema/parse_inline.go:732.29,734.3 1 1
github.com/jeduden/mdsmith/internal/schema/parse_inline.go:735.2,736.31 2 1
github.com/jeduden/mdsmith/internal/schema/parse_inline.go:736.31,738.3 1 1
github.com/jeduden/mdsmith/internal/schema/parse_inline.go:739.2,743.25 4 1
github.com/jeduden/mdsmith/internal/schema/parse_inline.go:743.25,747.15 4 1
github.com/jeduden/mdsmith/internal/schema/parse_inline.go:747.15,749.4 1 1
github.com/jeduden/mdsmith/internal/schema/parse_inline.go:750.3,752.22 3 1
github.com/jeduden/mdsmith/internal/schema/parse_inline.go:754.2,755.19 2 1
github.com/jeduden/mdsmith/internal/schema/parse_inline.go:760.39,761.21 1 1
github.com/jeduden/mdsmith/internal/schema/parse_inline.go:761.21,763.3 1 1
github.com/jeduden/mdsmith/internal/schema/parse_inline.go:764.2,764.27 1 1
github.com/jeduden/mdsmith/internal/schema/parse_inline.go:767.72,769.9 2 1
github.com/jeduden/mdsmith/internal/schema/parse_inline.go:769.9,771.3 1 1
github.com/jeduden/mdsmith/internal/schema/parse_inline.go:772.2,773.9 2 1
github.com/jeduden/mdsmith/internal/schema/parse_inline.go:773.9,775.3 1 1
github.com/jeduden/mdsmith/internal/schema/parse_inline.go:776.2,777.29 2 1
github.com/jeduden/mdsmith/internal/schema/parse_inline.go:777.29,779.10 2 1
github.com/jeduden/mdsmith/internal/schema/parse_inline.go:779.10,782.4 1 1
github.com/jeduden/mdsmith/internal/schema/parse_inline.go:783.3,784.17 2 1
github.com/jeduden/mdsmith/internal/schema/parse_inline.go:784.17,786.4 1 1
github.com/jeduden/mdsmith/internal/schema/parse_inline.go:787.3,787.56 1 1
github.com/jeduden/mdsmith/internal/schema/parse_inline.go:789.2,789.12 1 1
github.com/jeduden/mdsmith/internal/schema/parse_inline.go:792.68,794.23 2 1
github.com/jeduden/mdsmith/internal/schema/parse_inline.go:794.23,796.10 2 1
github.com/jeduden/mdsmith/internal/schema/parse_inline.go:796.10,800.4 1 1
github.com/jeduden/mdsmith/internal/schema/parse_inline.go:801.3,801.12 1 1
github.com/jeduden/mdsmith/internal/schema/parse_inline.go:802.18,803.18 1 1
github.com/jeduden/mdsmith/internal/schema/parse_inline.go:804.21,805.20 1 1
github.com/jeduden/mdsmith/internal/schema/parse_inline.go:806.30,807.28 1 1
github.com/jeduden/mdsmith/internal/schema/parse_inline.go:808.11,810.57 1 1
github.com/jeduden/mdsmith/internal/schema/parse_inline.go:813.2,813.41 1 1
github.com/jeduden/mdsmith/internal/schema/parse_inline.go:813.41,816.3 1 1
github.com/jeduden/mdsmith/internal/schema/parse_inline.go:817.2,817.43 1 1
github.com/jeduden/mdsmith/internal/schema/parse_inline.go:817.43,820.3 1 1
github.com/jeduden/mdsmith/internal/schema/parse_inline.go:823.2,825.16 3 1
github.com/jeduden/mdsmith/internal/schema/parse_inline.go:825.16,828.3 1 1
github.com/jeduden/mdsmith/internal/schema/parse_inline.go:829.2,829.32 1 1
github.com/jeduden/mdsmith/internal/schema/parse_inline.go:829.32,831.17 2 1
github.com/jeduden/mdsmith/internal/schema/parse_inline.go:831.17,835.4 1 1
github.com/jeduden/mdsmith/internal/schema/parse_inline.go:837.2,837.16 1 1
github.com/jeduden/mdsmith/internal/schema/parse_inline.go:840.65,842.9 2 1
github.com/jeduden/mdsmith/internal/schema/parse_inline.go:842.9,844.3 1 1
github.com/jeduden/mdsmith/internal/schema/parse_inline.go:845.2,846.9 2 1
github.com/jeduden/mdsmith/internal/schema/parse_inline.go:846.9,848.3 1 1
github.com/jeduden/mdsmith/internal/schema/parse_inline.go:849.2,850.23 2 1
github.com/jeduden/mdsmith/internal/schema/parse_inline.go:850.23,851.12 1 1
github.com/jeduden/mdsmith/internal/schema/parse_inline.go:852.21,854.18 2 1
github.com/jeduden/mdsmith/internal/schema/parse_inline.go:854.18,856.5 1 1
github.com/jeduden/mdsmith/internal/schema/parse_inline.go:857.4,857.22 1 1
github.com/jeduden/mdsmith/internal/schema/parse_inline.go:858.16,860.18 2 1
github.com/jeduden/mdsmith/internal/schema/parse_inline.go:860.18,862.5 1 1
github.com/jeduden/mdsmith/internal/schema/parse_inline.go:863.4,863.18 1 1
github.com/jeduden/mdsmith/internal/schema/parse_inline.go:864.11,865.59 1 1
github.com/jeduden/mdsmith/internal/schema/parse_inline.go:868.2,869.12 2 1
github.com/jeduden/mdsmith/internal/schema/parse_inline.go:872.62,874.9 2 1
github.com/jeduden/mdsmith/internal/schema/parse_inline.go:874.9,876.3 1 1
github.com/jeduden/mdsmith/internal/schema/parse_inline.go:877.2,878.9 2 1
github.com/jeduden/mdsmith/internal/schema/parse_inline.go:878.9,880.3 1 1
github.com/jeduden/mdsmith/internal/schema/parse_inline.go:881.2,882.23 2 1
github.com/jeduden/mdsmith/internal/schema/parse_inline.go:882.23,883.12 1 1
github.com/jeduden/mdsmith/internal/schema/parse_inline.go:884.17,886.11 2 1
github.com/jeduden/mdsmith/internal/schema/parse_inline.go:886.11,889.5 1 1
github.com/jeduden/mdsmith/internal/schema/parse_inline.go:890.4,890.18 1 1
github.com/jeduden/mdsmith/internal/schema/parse_inline.go:891.18,893.18 2 1
github.com/jeduden/mdsmith/internal/schema/parse_inline.go:893.18,895.5 1 1
github.com/jeduden/mdsmith/internal/schema/parse_inline.go:896.4,896.30 1 1
github.com/jeduden/mdsmith/internal/schema/parse_inline.go:896.30,897.34 1 1
github.com/jeduden/mdsmith/internal/schema/parse_inline.go:897.34,902.6 1 1
github.com/jeduden/mdsmith/internal/schema/parse_inline.go:904.4,904.22 1 1
github.com/jeduden/mdsmith/internal/schema/parse_inline.go:905.11,906.56 1 1
github.com/jeduden/mdsmith/internal/schema/parse_inline.go:909.2,909.41 1 1
github.com/jeduden/mdsmith/internal/schema/parse_inline.go:909.41,911.3 1 1
github.com/jeduden/mdsmith/internal/schema/parse_inline.go:912.2,912.27 1 1
github.com/jeduden/mdsmith/internal/schema/parse_inline.go:912.27,915.3 1 1
github.com/jeduden/mdsmith/internal/schema/parse_inline.go:916.2,917.12 2 1
github.com/jeduden/mdsmith/internal/schema/parse_inline.go:920.55,922.9 2 1
github.com/jeduden/mdsmith/internal/schema/parse_inline.go:922.9,924.3 1 1
github.com/jeduden/mdsmith/internal/schema/parse_inline.go:925.2,926.28 2 1
github.com/jeduden/mdsmith/internal/schema/parse_inline.go:926.28,928.10 2 1
github.com/jeduden/mdsmith/internal/schema/parse_inline.go:928.10,931.4 1 1
github.com/jeduden/mdsmith/internal/schema/parse_inline.go:932.3,932.23 1 1
github.com/jeduden/mdsmith/internal/schema/parse_inline.go:934.2,934.17 1 1
github.com/jeduden/mdsmith/internal/schema/parse_inline.go:943.59,945.9 2 1
github.com/jeduden/mdsmith/internal/schema/parse_inline.go:945.9,947.3 1 1
github.com/jeduden/mdsmith/internal/schema/parse_inline.go:948.2,949.28 2 1
github.com/jeduden/mdsmith/internal/schema/parse_inline.go:949.28,951.17 2 1
github.com/jeduden/mdsmith/internal/schema/parse_inline.go:951.17,953.4 1 1
github.com/jeduden/mdsmith/internal/schema/parse_inline.go:954.3,954.35 1 1
github.com/jeduden/mdsmith/internal/schema/parse_inline.go:956.2,957.12 2 1
github.com/jeduden/mdsmith/internal/schema/parse_inline.go:963.70,965.9 2 1
github.com/jeduden/mdsmith/internal/schema/parse_inline.go:965.9,968.3 1 1
github.com/jeduden/mdsmith/internal/schema/parse_inline.go:969.2,970.9 2 1
github.com/jeduden/mdsmith/internal/schema/parse_inline.go:970.9,974.3 1 1
github.com/jeduden/mdsmith/internal/schema/parse_inline.go:975.2,976.9 2 1
github.com/jeduden/mdsmith/internal/schema/parse_inline.go:976.9,979.3 1 1
github.com/jeduden/mdsmith/internal/schema/parse_inline.go:980.2,980.29 1 1
github.com/jeduden/mdsmith/internal/schema/parse_inline.go:980.29,984.3 1 1
github.com/jeduden/mdsmith/internal/schema/parse_inline.go:985.2,986.33 2 1
github.com/jeduden/mdsmith/internal/schema/parse_inline.go:986.33,988.3 1 1
github.com/jeduden/mdsmith/internal/schema/parse_inline.go:989.2,989.57 1 1
github.com/jeduden/mdsmith/internal/schema/parse_inline.go:989.57,991.3 1 1
github.com/jeduden/mdsmith/internal/schema/parse_inline.go:992.2,992.33 1 1
github.com/jeduden/mdsmith/internal/schema/parse_inline.go:992.33,993.41 1 1
github.com/jeduden/mdsmith/internal/schema/parse_inline.go:993.41,998.4 1 1
github.com/jeduden/mdsmith/internal/schema/parse_inline.go:1004.2,1004.69 1 1
github.com/jeduden/mdsmith/internal/schema/parse_inline.go:1004.69,1009.3 1 1
github.com/jeduden/mdsmith/internal/schema/parse_inline.go:1010.2,1010.16 1 1
github.com/jeduden/mdsmith/internal/schema/parse_inline.go:1013.38,1014.11 1 1
github.com/jeduden/mdsmith/internal/schema/parse_inline.go:1016.62,1017.14 1 1
github.com/jeduden/mdsmith/internal/schema/parse_inline.go:1019.2,1019.14 1 1
github.com/jeduden/mdsmith/internal/schema/parse_inline.go:1026.80,1027.23 1 1
github.com/jeduden/mdsmith/internal/schema/parse_inline.go:1027.23,1028.18 1 1
github.com/jeduden/mdsmith/internal/schema/parse_inline.go:1028.18,1029.12 1 1
github.com/jeduden/mdsmith/internal/schema/parse_inline.go:1031.3,1031.60 1 1
github.com/jeduden/mdsmith/internal/schema/parse_inline.go:1031.60,1033.4 1 1
github.com/jeduden/mdsmith/internal/schema/parse_inline.go:1035.2,1035.12 1 1
github.com/jeduden/mdsmith/internal/schema/parse_inline.go:1038.79,1039.11 1 1
github.com/jeduden/mdsmith/internal/schema/parse_inline.go:1040.18,1041.49 1 1
github.com/jeduden/mdsmith/internal/schema/parse_inline.go:1042.14,1043.38 1 1
github.com/jeduden/mdsmith/internal/schema/parse_inline.go:1044.17,1045.41 1 1
github.com/jeduden/mdsmith/internal/schema/parse_inline.go:1046.17,1047.41 1 1
github.com/jeduden/mdsmith/internal/schema/parse_inline.go:1048.19,1049.65 1 1
github.com/jeduden/mdsmith/internal/schema/parse_inline.go:1050.19,1051.65 1 1
github.com/jeduden/mdsmith/internal/schema/parse_inline.go:1052.14,1053.38 1 1
github.com/jeduden/mdsmith/internal/schema/parse_inline.go:1054.10,1055.59 1 1
github.com/jeduden/mdsmith/internal/schema/parse_inline.go:1064.65,1066.9 2 1
github.com/jeduden/mdsmith/internal/schema/parse_inline.go:1066.9,1068.3 1 1
github.com/jeduden/mdsmith/internal/schema/parse_inline.go:1069.2,1069.13 1 1
github.com/jeduden/mdsmith/internal/schema/parse_inline.go:1069.13,1073.3 1 1
github.com/jeduden/mdsmith/internal/schema/parse_inline.go:1074.2,1074.36 1 1
github.com/jeduden/mdsmith/internal/schema/parse_inline.go:1074.36,1078.3 1 1
github.com/jeduden/mdsmith/internal/schema/parse_inline.go:1079.2,1080.12 2 1
github.com/jeduden/mdsmith/internal/schema/parse_inline.go:1083.65,1084.37 1 1
github.com/jeduden/mdsmith/internal/schema/parse_inline.go:1084.37,1087.3 1 1
github.com/jeduden/mdsmith/internal/schema/parse_inline.go:1088.2,1089.9 2 1
github.com/jeduden/mdsmith/internal/schema/parse_inline.go:1089.9,1091.3 1 1
github.com/jeduden/mdsmith/internal/schema/parse_inline.go:1092.2,1093.12 2 1
github.com/jeduden/mdsmith/internal/schema/parse_inline.go:1096.68,1097.33 1 1
github.com/jeduden/mdsmith/internal/schema/parse_inline.go:1097.33,1100.3 1 1
github.com/jeduden/mdsmith/internal/schema/parse_inline.go:1101.2,1102.16 2 1
github.com/jeduden/mdsmith/internal/schema/parse_inline.go:1102.16,1104.3 1 1
github.com/jeduden/mdsmith/internal/schema/parse_inline.go:1105.2,1106.12 2 1
github.com/jeduden/mdsmith/internal/schema/parse_inline.go:1109.68,1110.32 1 1
github.com/jeduden/mdsmith/internal/schema/parse_inline.go:1110.32,1113.3 1 1
github.com/jeduden/mdsmith/internal/schema/parse_inline.go:1114.2,1115.9 2 1
github.com/jeduden/mdsmith/internal/schema/parse_inline.go:1115.9,1117.3 1 1
github.com/jeduden/mdsmith/internal/schema/parse_inline.go:1118.2,1120.12 3 1
github.com/jeduden/mdsmith/internal/schema/parse_inline.go:1123.73,1124.29 1 1
github.com/jeduden/mdsmith/internal/schema/parse_inline.go:1124.29,1127.3 1 1
github.com/jeduden/mdsmith/internal/schema/parse_inline.go:1128.2,1128.40 1 1
github.com/jeduden/mdsmith/internal/schema/parse_inline.go:1131.32,1132.13 1 1
github.com/jeduden/mdsmith/internal/schema/parse_inline.go:1132.13,1134.3 1 1
github.com/jeduden/mdsmith/internal/schema/parse_inline.go:1135.2,1135.22 1 1
github.com/jeduden/mdsmith/internal/schema/parse_inline.go:1135.22,1136.67 1 1
github.com/jeduden/mdsmith/internal/schema/parse_inline.go:1136.67,1137.12 1 1
github.com/jeduden/mdsmith/internal/schema/parse_inline.go:1139.3,1139.36 1 1
github.com/jeduden/mdsmith/internal/schema/parse_inline.go:1139.36,1140.12 1 1
github.com/jeduden/mdsmith/internal/schema/parse_inline.go:1142.3,1142.15 1 1
github.com/jeduden/mdsmith/internal/schema/parse_inline.go:1144.2,1144.13 1 1
github.com/jeduden/mdsmith/internal/schema/schema.go:298.37,299.12 1 1
github.com/jeduden/mdsmith/internal/schema/schema.go:299.12,301.3 1 1
github.com/jeduden/mdsmith/internal/schema/schema.go:302.2,302.21 1 1
github.com/jeduden/mdsmith/internal/schema/schema.go:308.33,311.2 2 1
github.com/jeduden/mdsmith/internal/schema/schema.go:315.33,316.38 1 1
github.com/jeduden/mdsmith/internal/schema/schema.go:316.38,318.3 1 1
github.com/jeduden/mdsmith/internal/schema/schema.go:319.2,319.38 1 1
github.com/jeduden/mdsmith/internal/schema/schema.go:381.33,382.14 1 1
github.com/jeduden/mdsmith/internal/schema/schema.go:382.14,384.3 1 1
github.com/jeduden/mdsmith/internal/schema/schema.go:385.2,390.17 1 1
github.com/jeduden/mdsmith/internal/schema/schema.go:395.43,396.34 1 1
github.com/jeduden/mdsmith/internal/schema/schema.go:396.34,398.3 1 1
github.com/jeduden/mdsmith/internal/schema/schema.go:399.2,399.20 1 1
github.com/jeduden/mdsmith/internal/schema/shortcuts.go:19.32,19.60 1 1
github.com/jeduden/mdsmith/internal/schema/shortcuts.go:72.49,75.2 2 1
github.com/jeduden/mdsmith/internal/schema/shortcuts.go:80.31,82.34 2 1
github.com/jeduden/mdsmith/internal/schema/shortcuts.go:82.34,84.3 1 1
github.com/jeduden/mdsmith/internal/schema/shortcuts.go:85.2,86.12 2 1
github.com/jeduden/mdsmith/internal/schema/shortcuts.go:110.54,111.37 1 1
github.com/jeduden/mdsmith/internal/schema/shortcuts.go:111.37,113.3 1 1
github.com/jeduden/mdsmith/internal/schema/shortcuts.go:114.2,114.24 1 1
github.com/jeduden/mdsmith/internal/schema/shortcuts.go:114.24,116.3 1 1
github.com/jeduden/mdsmith/internal/schema/shortcuts.go:117.2,117.38 1 1
github.com/jeduden/mdsmith/internal/schema/shortcuts.go:117.38,119.3 1 1
github.com/jeduden/mdsmith/internal/schema/shortcuts.go:120.2,124.42 1 1
github.com/jeduden/mdsmith/internal/schema/validate.go:30.52,32.78 2 1
github.com/jeduden/mdsmith/internal/schema/validate.go:32.78,33.16 1 1
github.com/jeduden/mdsmith/internal/schema/validate.go:33.16,35.4 1 1
github.com/jeduden/mdsmith/internal/schema/validate.go:36.3,37.10 2 1
github.com/jeduden/mdsmith/internal/schema/validate.go:37.10,39.4 1 1
github.com/jeduden/mdsmith/internal/schema/validate.go:40.3,43.31 4 1
github.com/jeduden/mdsmith/internal/schema/validate.go:45.2,45.12 1 1
github.com/jeduden/mdsmith/internal/schema/validate.go:55.52,56.25 1 1
github.com/jeduden/mdsmith/internal/schema/validate.go:56.25,58.3 1 1
github.com/jeduden/mdsmith/internal/schema/validate.go:59.2,60.74 2 1
github.com/jeduden/mdsmith/internal/schema/validate.go:60.74,61.26 1 1
github.com/jeduden/mdsmith/internal/schema/validate.go:61.26,63.4 1 1
github.com/jeduden/mdsmith/internal/schema/validate.go:64.3,65.10 2 1
github.com/jeduden/mdsmith/internal/schema/validate.go:65.10,67.4 1 1
github.com/jeduden/mdsmith/internal/schema/validate.go:68.3,69.27 2 1
github.com/jeduden/mdsmith/internal/schema/validate.go:71.2,71.13 1 1
github.com/jeduden/mdsmith/internal/schema/validate.go:90.21,91.33 1 1
github.com/jeduden/mdsmith/internal/schema/validate.go:91.33,93.3 1 1
github.com/jeduden/mdsmith/internal/schema/validate.go:94.2,98.14 3 1
github.com/jeduden/mdsmith/internal/schema/validate.go:98.14,100.3 1 1
github.com/jeduden/mdsmith/internal/schema/validate.go:102.2,111.14 7 1
github.com/jeduden/mdsmith/internal/schema/validate.go:129.21,131.35 2 1
github.com/jeduden/mdsmith/internal/schema/validate.go:131.35,133.3 1 1
github.com/jeduden/mdsmith/internal/schema/validate.go:134.2,142.14 3 1
github.com/jeduden/mdsmith/internal/schema/validate.go:142.14,144.3 1 1
github.com/jeduden/mdsmith/internal/schema/validate.go:145.2,148.39 4 1
github.com/jeduden/mdsmith/internal/schema/validate.go:148.39,151.3 1 1
github.com/jeduden/mdsmith/internal/schema/validate.go:152.2,152.18 1 1
github.com/jeduden/mdsmith/internal/schema/validate.go:152.18,154.3 1 1
github.com/jeduden/mdsmith/internal/schema/validate.go:155.2,156.16 2 1
github.com/jeduden/mdsmith/internal/schema/validate.go:156.16,159.3 1 1
github.com/jeduden/mdsmith/internal/schema/validate.go:160.2,161.38 2 1
github.com/jeduden/mdsmith/internal/schema/validate.go:161.38,164.3 1 0
github.com/jeduden/mdsmith/internal/schema/validate.go:165.2,167.17 3 1
github.com/jeduden/mdsmith/internal/schema/validate.go:167.17,171.55 1 1
github.com/jeduden/mdsmith/internal/schema/validate.go:171.55,173.4 1 1
github.com/jeduden/mdsmith/internal/schema/validate.go:174.3,175.53 1 1
github.com/jeduden/mdsmith/internal/schema/validate.go:177.2,178.23 2 1
github.com/jeduden/mdsmith/internal/schema/validate.go:178.23,186.3 1 0
github.com/jeduden/mdsmith/internal/schema/validate.go:187.2,189.91 3 1
github.com/jeduden/mdsmith/internal/schema/validate.go:200.21,204.29 4 1
github.com/jeduden/mdsmith/internal/schema/validate.go:204.29,207.16 3 1
github.com/jeduden/mdsmith/internal/schema/validate.go:207.16,208.12 1 1
github.com/jeduden/mdsmith/internal/schema/validate.go:210.3,211.84 2 1
github.com/jeduden/mdsmith/internal/schema/validate.go:213.2,213.12 1 1
github.com/jeduden/mdsmith/internal/schema/validate.go:232.21,233.54 1 1
github.com/jeduden/mdsmith/internal/schema/validate.go:233.54,235.3 1 1
github.com/jeduden/mdsmith/internal/schema/validate.go:239.2,240.37 2 1
github.com/jeduden/mdsmith/internal/schema/validate.go:240.37,242.3 1 1
github.com/jeduden/mdsmith/internal/schema/validate.go:243.2,245.25 3 1
github.com/jeduden/mdsmith/internal/schema/validate.go:245.25,248.42 3 1
github.com/jeduden/mdsmith/internal/schema/validate.go:248.42,249.12 1 1
github.com/jeduden/mdsmith/internal/schema/validate.go:251.3,262.26 6 1
github.com/jeduden/mdsmith/internal/schema/validate.go:264.2,264.12 1 1
github.com/jeduden/mdsmith/internal/schema/validate.go:289.40,291.2 1 1
github.com/jeduden/mdsmith/internal/schema/validate.go:295.40,297.2 1 1
github.com/jeduden/mdsmith/internal/schema/validate.go:324.75,325.42 1 1
github.com/jeduden/mdsmith/internal/schema/validate.go:325.42,327.3 1 1
github.com/jeduden/mdsmith/internal/schema/validate.go:328.2,329.9 2 1
github.com/jeduden/mdsmith/internal/schema/validate.go:329.9,335.3 1 1
github.com/jeduden/mdsmith/internal/schema/validate.go:336.2,336.28 1 1
github.com/jeduden/mdsmith/internal/schema/validate.go:345.58,346.38 1 1
github.com/jeduden/mdsmith/internal/schema/validate.go:346.38,348.3 1 1
github.com/jeduden/mdsmith/internal/schema/validate.go:349.2,349.48 1 1
github.com/jeduden/mdsmith/internal/schema/validate.go:349.48,350.58 1 1
github.com/jeduden/mdsmith/internal/schema/validate.go:350.58,352.4 1 1
github.com/jeduden/mdsmith/internal/schema/validate.go:354.2,354.12 1 1
github.com/jeduden/mdsmith/internal/schema/validate.go:369.53,372.37 3 1
github.com/jeduden/mdsmith/internal/schema/validate.go:372.37,374.3 1 1
github.com/jeduden/mdsmith/internal/schema/validate.go:375.2,376.16 2 1
github.com/jeduden/mdsmith/internal/schema/validate.go:376.16,378.3 1 1
github.com/jeduden/mdsmith/internal/schema/validate.go:379.2,379.48 1 1
github.com/jeduden/mdsmith/internal/schema/validate.go:404.20,407.19 3 1
github.com/jeduden/mdsmith/internal/schema/validate.go:407.19,409.3 1 1
github.com/jeduden/mdsmith/internal/schema/validate.go:410.2,415.15 3 1
github.com/jeduden/mdsmith/internal/schema/validate.go:415.15,417.3 1 1
github.com/jeduden/mdsmith/internal/schema/validate.go:418.2,418.53 1 1
github.com/jeduden/mdsmith/internal/schema/validate.go:418.53,420.16 2 1
github.com/jeduden/mdsmith/internal/schema/validate.go:420.16,422.4 1 1
github.com/jeduden/mdsmith/internal/schema/validate.go:422.9,429.4 1 1
github.com/jeduden/mdsmith/internal/schema/validate.go:430.8,439.17 1 1
github.com/jeduden/mdsmith/internal/schema/validate.go:439.17,441.4 1 0
github.com/jeduden/mdsmith/internal/schema/validate.go:442.3,442.40 1 1
github.com/jeduden/mdsmith/internal/schema/validate.go:444.2,444.10 1 1
github.com/jeduden/mdsmith/internal/schema/validate.go:452.58,453.20 1 1
github.com/jeduden/mdsmith/internal/schema/validate.go:453.20,455.3 1 1
github.com/jeduden/mdsmith/internal/schema/validate.go:456.2,457.41 2 1
github.com/jeduden/mdsmith/internal/schema/validate.go:457.41,459.3 1 1
github.com/jeduden/mdsmith/internal/schema/validate.go:460.2,460.45 1 1
github.com/jeduden/mdsmith/internal/schema/validate.go:460.45,462.3 1 1
github.com/jeduden/mdsmith/internal/schema/validate.go:463.2,463.11 1 1
github.com/jeduden/mdsmith/internal/schema/validate.go:466.58,467.51 1 1
github.com/jeduden/mdsmith/internal/schema/validate.go:467.51,469.3 1 1
github.com/jeduden/mdsmith/internal/schema/validate.go:470.2,470.11 1 1
github.com/jeduden/mdsmith/internal/schema/validate.go:486.64,487.20 1 1
github.com/jeduden/mdsmith/internal/schema/validate.go:487.20,489.3 1 1
github.com/jeduden/mdsmith/internal/schema/validate.go:490.2,491.25 2 1
github.com/jeduden/mdsmith/internal/schema/validate.go:491.25,492.30 1 1
github.com/jeduden/mdsmith/internal/schema/validate.go:493.23,495.11 2 1
github.com/jeduden/mdsmith/internal/schema/validate.go:495.11,497.5 1 1
github.com/jeduden/mdsmith/internal/schema/validate.go:498.4,498.11 1 1
github.com/jeduden/mdsmith/internal/schema/validate.go:499.14,501.50 2 1
github.com/jeduden/mdsmith/internal/schema/validate.go:501.50,503.5 1 1
github.com/jeduden/mdsmith/internal/schema/validate.go:504.4,504.20 1 1
github.com/jeduden/mdsmith/internal/schema/validate.go:505.11,506.21 1 1
github.com/jeduden/mdsmith/internal/schema/validate.go:509.2,509.18 1 1
github.com/jeduden/mdsmith/internal/schema/validate.go:516.48,518.15 2 1
github.com/jeduden/mdsmith/internal/schema/validate.go:518.15,520.3 1 1
github.com/jeduden/mdsmith/internal/schema/validate.go:521.2,521.15 1 1
github.com/jeduden/mdsmith/internal/schema/validate.go:521.15,522.60 1 1
github.com/jeduden/mdsmith/internal/schema/validate.go:522.60,524.4 1 1
github.com/jeduden/mdsmith/internal/schema/validate.go:526.2,526.12 1 1
github.com/jeduden/mdsmith/internal/schema/validate.go:542.90,549.2 1 1
github.com/jeduden/mdsmith/internal/schema/validate.go:569.21,571.2 1 1
github.com/jeduden/mdsmith/internal/schema/validate.go:576.54,578.2 1 1
github.com/jeduden/mdsmith/internal/schema/validate.go:588.64,590.26 2 1
github.com/jeduden/mdsmith/internal/schema/validate.go:590.26,591.27 1 1
github.com/jeduden/mdsmith/internal/schema/validate.go:591.27,593.4 1 1
github.com/jeduden/mdsmith/internal/schema/validate.go:595.2,595.12 1 1
github.com/jeduden/mdsmith/internal/schema/validate.go:611.28,617.28 5 1
github.com/jeduden/mdsmith/internal/schema/validate.go:617.28,618.18 1 1
github.com/jeduden/mdsmith/internal/schema/validate.go:618.18,623.12 2 1
github.com/jeduden/mdsmith/internal/schema/validate.go:625.3,625.32 1 1
github.com/jeduden/mdsmith/internal/schema/validate.go:625.32,628.12 3 1
github.com/jeduden/mdsmith/internal/schema/validate.go:630.3,630.17 1 1
github.com/jeduden/mdsmith/internal/schema/validate.go:630.17,631.12 1 1
github.com/jeduden/mdsmith/internal/schema/validate.go:633.3,638.18 4 1
github.com/jeduden/mdsmith/internal/schema/validate.go:638.18,640.4 1 1
github.com/jeduden/mdsmith/internal/schema/validate.go:640.9,640.42 1 1
github.com/jeduden/mdsmith/internal/schema/validate.go:640.42,648.4 1 1
github.com/jeduden/mdsmith/internal/schema/validate.go:651.2,655.22 3 1
github.com/jeduden/mdsmith/internal/schema/validate.go:663.71,670.2 1 1
github.com/jeduden/mdsmith/internal/schema/validate.go:678.84,685.20 2 1
github.com/jeduden/mdsmith/internal/schema/validate.go:685.20,687.3 1 1
github.com/jeduden/mdsmith/internal/schema/validate.go:688.2,688.10 1 1
github.com/jeduden/mdsmith/internal/schema/validate.go:695.82,702.25 2 1
github.com/jeduden/mdsmith/internal/schema/validate.go:702.25,704.3 1 1
github.com/jeduden/mdsmith/internal/schema/validate.go:704.8,706.3 1 1
github.com/jeduden/mdsmith/internal/schema/validate.go:707.2,707.10 1 1
github.com/jeduden/mdsmith/internal/schema/validate.go:714.105,721.2 1 1
github.com/jeduden/mdsmith/internal/schema/validate.go:735.28,737.29 2 1
github.com/jeduden/mdsmith/internal/schema/validate.go:737.29,739.31 2 1
github.com/jeduden/mdsmith/internal/schema/validate.go:739.31,740.9 1 1
github.com/jeduden/mdsmith/internal/schema/validate.go:742.3,742.32 1 1
github.com/jeduden/mdsmith/internal/schema/validate.go:742.32,744.12 2 1
github.com/jeduden/mdsmith/internal/schema/validate.go:746.3,746.72 1 1
github.com/jeduden/mdsmith/internal/schema/validate.go:746.72,752.12 4 1
github.com/jeduden/mdsmith/internal/schema/validate.go:763.3,764.55 1 1
github.com/jeduden/mdsmith/internal/schema/validate.go:764.55,771.16 3 1
github.com/jeduden/mdsmith/internal/schema/validate.go:771.16,776.5 1 1
github.com/jeduden/mdsmith/internal/schema/validate.go:777.4,779.12 3 1
github.com/jeduden/mdsmith/internal/schema/validate.go:781.3,781.28 1 1
github.com/jeduden/mdsmith/internal/schema/validate.go:781.28,784.4 1 1
github.com/jeduden/mdsmith/internal/schema/validate.go:785.3,785.11 1 1
github.com/jeduden/mdsmith/internal/schema/validate.go:787.2,787.22 1 1
github.com/jeduden/mdsmith/internal/schema/validate.go:809.15,810.28 1 1
github.com/jeduden/mdsmith/internal/schema/validate.go:810.28,811.18 1 1
github.com/jeduden/mdsmith/internal/schema/validate.go:811.18,812.12 1 1
github.com/jeduden/mdsmith/internal/schema/validate.go:814.3,814.47 1 1
github.com/jeduden/mdsmith/internal/schema/validate.go:814.47,815.12 1 1
github.com/jeduden/mdsmith/internal/schema/validate.go:817.3,817.42 1 1
github.com/jeduden/mdsmith/internal/schema/validate.go:817.42,818.12 1 1
github.com/jeduden/mdsmith/internal/schema/validate.go:820.3,822.44 3 1
github.com/jeduden/mdsmith/internal/schema/validate.go:824.2,824.18 1 1
github.com/jeduden/mdsmith/internal/schema/validate.go:848.28,856.26 7 1
github.com/jeduden/mdsmith/internal/schema/validate.go:856.26,862.3 3 1
github.com/jeduden/mdsmith/internal/schema/validate.go:863.2,863.22 1 1
github.com/jeduden/mdsmith/internal/schema/validate.go:872.7,873.28 1 1
github.com/jeduden/mdsmith/internal/schema/validate.go:873.28,874.61 1 1
github.com/jeduden/mdsmith/internal/schema/validate.go:874.61,875.12 1 1
github.com/jeduden/mdsmith/internal/schema/validate.go:877.3,877.41 1 1
github.com/jeduden/mdsmith/internal/schema/validate.go:877.41,879.4 1 1
github.com/jeduden/mdsmith/internal/schema/validate.go:881.2,881.11 1 1
github.com/jeduden/mdsmith/internal/schema/validate.go:896.34,905.79 3 1
github.com/jeduden/mdsmith/internal/schema/validate.go:905.79,908.11 3 1
github.com/jeduden/mdsmith/internal/schema/validate.go:908.11,911.4 2 1
github.com/jeduden/mdsmith/internal/schema/validate.go:914.2,920.48 3 1
github.com/jeduden/mdsmith/internal/schema/validate.go:929.32,931.52 2 1
github.com/jeduden/mdsmith/internal/schema/validate.go:931.52,932.60 1 1
github.com/jeduden/mdsmith/internal/schema/validate.go:932.60,934.4 1 1
github.com/jeduden/mdsmith/internal/schema/validate.go:940.2,940.42 1 1
github.com/jeduden/mdsmith/internal/schema/validate.go:940.42,945.3 1 1
github.com/jeduden/mdsmith/internal/schema/validate.go:954.79,955.38 1 1
github.com/jeduden/mdsmith/internal/schema/validate.go:955.38,957.3 1 1
github.com/jeduden/mdsmith/internal/schema/validate.go:958.2,959.29 2 1
github.com/jeduden/mdsmith/internal/schema/validate.go:959.29,965.33 2 1
github.com/jeduden/mdsmith/internal/schema/validate.go:965.33,967.4 1 1
github.com/jeduden/mdsmith/internal/schema/validate.go:968.3,968.33 1 1
github.com/jeduden/mdsmith/internal/schema/validate.go:968.33,970.12 2 1
github.com/jeduden/mdsmith/internal/schema/validate.go:972.3,973.15 2 1
github.com/jeduden/mdsmith/internal/schema/validate.go:973.15,975.4 1 1
github.com/jeduden/mdsmith/internal/schema/validate.go:976.3,976.68 1 1
github.com/jeduden/mdsmith/internal/schema/validate.go:976.68,978.4 1 1
github.com/jeduden/mdsmith/internal/schema/validate.go:979.3,984.11 3 1
github.com/jeduden/mdsmith/internal/schema/validate.go:986.2,986.15 1 1
github.com/jeduden/mdsmith/internal/schema/validate.go:1012.78,1015.32 3 1
github.com/jeduden/mdsmith/internal/schema/validate.go:1015.32,1025.32 1 1
github.com/jeduden/mdsmith/internal/schema/validate.go:1025.32,1032.4 1 1
github.com/jeduden/mdsmith/internal/schema/validate.go:1033.3,1033.38 1 1
github.com/jeduden/mdsmith/internal/schema/validate.go:1035.2,1036.13 2 1
github.com/jeduden/mdsmith/internal/schema/validate.go:1036.13,1049.66 1 1
github.com/jeduden/mdsmith/internal/schema/validate.go:1049.66,1051.4 1 1
github.com/jeduden/mdsmith/internal/schema/validate.go:1052.3,1052.64 1 1
github.com/jeduden/mdsmith/internal/schema/validate.go:1057.2,1057.32 1 1
github.com/jeduden/mdsmith/internal/schema/validate.go:1057.32,1059.3 1 1
github.com/jeduden/mdsmith/internal/schema/validate.go:1060.2,1060.20 1 1
github.com/jeduden/mdsmith/internal/schema/validate.go:1060.20,1064.3 1 1
github.com/jeduden/mdsmith/internal/schema/validate.go:1065.2,1065.25 1 1
github.com/jeduden/mdsmith/internal/schema/validate.go:1065.25,1073.69 1 1
github.com/jeduden/mdsmith/internal/schema/validate.go:1073.69,1075.4 1 1
github.com/jeduden/mdsmith/internal/schema/validate.go:1076.3,1076.32 1 1
github.com/jeduden/mdsmith/internal/schema/validate.go:1076.32,1082.4 1 1
github.com/jeduden/mdsmith/internal/schema/validate.go:1083.3,1083.34 1 1
github.com/jeduden/mdsmith/internal/schema/validate.go:1085.2,1085.43 1 1
github.com/jeduden/mdsmith/internal/schema/validate.go:1088.87,1094.26 6 1
github.com/jeduden/mdsmith/internal/schema/validate.go:1094.26,1100.3 3 1
github.com/jeduden/mdsmith/internal/schema/validate.go:1100.8,1102.3 1 1
github.com/jeduden/mdsmith/internal/schema/validate.go:1103.2,1104.20 2 1
github.com/jeduden/mdsmith/internal/schema/validate.go:1104.20,1106.3 1 1
github.com/jeduden/mdsmith/internal/schema/validate.go:1107.2,1107.15 1 1
github.com/jeduden/mdsmith/internal/schema/validate.go:1114.88,1116.87 2 1
github.com/jeduden/mdsmith/internal/schema/validate.go:1116.87,1122.3 3 1
github.com/jeduden/mdsmith/internal/schema/validate.go:1136.2,1137.62 1 1
github.com/jeduden/mdsmith/internal/schema/validate.go:1137.62,1138.32 1 1
github.com/jeduden/mdsmith/internal/schema/validate.go:1138.32,1147.32 2 1
github.com/jeduden/mdsmith/internal/schema/validate.go:1147.32,1154.5 3 1
github.com/jeduden/mdsmith/internal/schema/validate.go:1155.4,1155.35 1 1
github.com/jeduden/mdsmith/internal/schema/validate.go:1157.3,1163.15 3 1
github.com/jeduden/mdsmith/internal/schema/validate.go:1163.15,1168.4 1 1
github.com/jeduden/mdsmith/internal/schema/validate.go:1169.3,1170.34 2 1
github.com/jeduden/mdsmith/internal/schema/validate.go:1172.2,1172.31 1 1
github.com/jeduden/mdsmith/internal/schema/validate.go:1172.31,1179.3 2 1
github.com/jeduden/mdsmith/internal/schema/validate.go:1180.2,1180.33 1 1
github.com/jeduden/mdsmith/internal/schema/validate.go:1193.8,1194.42 1 1
github.com/jeduden/mdsmith/internal/schema/validate.go:1194.42,1197.60 2 1
github.com/jeduden/mdsmith/internal/schema/validate.go:1197.60,1198.12 1 1
github.com/jeduden/mdsmith/internal/schema/validate.go:1200.3,1200.41 1 1
github.com/jeduden/mdsmith/internal/schema/validate.go:1200.41,1202.4 1 1
github.com/jeduden/mdsmith/internal/schema/validate.go:1204.2,1204.14 1 1
github.com/jeduden/mdsmith/internal/schema/validate.go:1218.8,1219.42 1 1
github.com/jeduden/mdsmith/internal/schema/validate.go:1219.42,1221.61 2 1
github.com/jeduden/mdsmith/internal/schema/validate.go:1221.61,1222.12 1 1
github.com/jeduden/mdsmith/internal/schema/validate.go:1224.3,1224.41 1 1
github.com/jeduden/mdsmith/internal/schema/validate.go:1224.41,1226.4 1 1
github.com/jeduden/mdsmith/internal/schema/validate.go:1228.2,1228.14 1 1
github.com/jeduden/mdsmith/internal/schema/validate.go:1242.8,1243.42 1 1
github.com/jeduden/mdsmith/internal/schema/validate.go:1243.42,1246.60 2 1
github.com/jeduden/mdsmith/internal/schema/validate.go:1246.60,1247.12 1 1
github.com/jeduden/mdsmith/internal/schema/validate.go:1249.3,1249.41 1 1
github.com/jeduden/mdsmith/internal/schema/validate.go:1249.41,1251.4 1 1
github.com/jeduden/mdsmith/internal/schema/validate.go:1253.2,1253.14 1 1
github.com/jeduden/mdsmith/internal/schema/validate.go:1259.54,1261.29 2 1
github.com/jeduden/mdsmith/internal/schema/validate.go:1261.29,1263.17 2 1
github.com/jeduden/mdsmith/internal/schema/validate.go:1263.17,1266.4 1 1
github.com/jeduden/mdsmith/internal/schema/validate.go:1267.3,1267.15 1 1
github.com/jeduden/mdsmith/internal/schema/validate.go:1267.15,1269.12 2 1
github.com/jeduden/mdsmith/internal/schema/validate.go:1271.3,1271.18 1 1
github.com/jeduden/mdsmith/internal/schema/validate.go:1271.18,1275.4 1 1
github.com/jeduden/mdsmith/internal/schema/validate.go:1276.3,1276.11 1 1
github.com/jeduden/mdsmith/internal/schema/validate.go:1278.2,1278.11 1 1
github.com/jeduden/mdsmith/internal/schema/validate.go:1283.21,1284.31 1 1
github.com/jeduden/mdsmith/internal/schema/validate.go:1284.31,1286.3 1 1
github.com/jeduden/mdsmith/internal/schema/validate.go:1287.2,1288.76 1 1
github.com/jeduden/mdsmith/internal/schema/validate.go:1299.28,1317.61 7 1
github.com/jeduden/mdsmith/internal/schema/validate.go:1317.61,1323.3 1 1
github.com/jeduden/mdsmith/internal/schema/validate.go:1324.2,1324.52 1 1
github.com/jeduden/mdsmith/internal/schema/validate.go:1324.52,1331.3 1 1
github.com/jeduden/mdsmith/internal/schema/validate.go:1332.2,1335.28 4 1
github.com/jeduden/mdsmith/internal/schema/validate.go:1335.28,1341.3 3 1
github.com/jeduden/mdsmith/internal/schema/validate.go:1342.2,1342.22 1 1
github.com/jeduden/mdsmith/internal/schema/validate.go:1354.7,1356.42 2 1
github.com/jeduden/mdsmith/internal/schema/validate.go:1356.42,1358.31 2 1
github.com/jeduden/mdsmith/internal/schema/validate.go:1358.31,1360.4 1 1
github.com/jeduden/mdsmith/internal/schema/validate.go:1361.3,1361.31 1 1
github.com/jeduden/mdsmith/internal/schema/validate.go:1361.31,1362.12 1 1
github.com/jeduden/mdsmith/internal/schema/validate.go:1364.3,1364.65 1 1
github.com/jeduden/mdsmith/internal/schema/validate.go:1364.65,1366.12 2 1
github.com/jeduden/mdsmith/internal/schema/validate.go:1368.3,1368.13 1 1
github.com/jeduden/mdsmith/internal/schema/validate.go:1370.2,1370.12 1 1
github.com/jeduden/mdsmith/internal/schema/validate.go:1378.7,1379.40 1 1
github.com/jeduden/mdsmith/internal/schema/validate.go:1379.40,1381.61 2 1
github.com/jeduden/mdsmith/internal/schema/validate.go:1381.61,1382.12 1 1
github.com/jeduden/mdsmith/internal/schema/validate.go:1384.3,1384.41 1 1
github.com/jeduden/mdsmith/internal/schema/validate.go:1384.41,1386.4 1 1
github.com/jeduden/mdsmith/internal/schema/validate.go:1388.2,1388.11 1 1
github.com/jeduden/mdsmith/internal/schema/validate.go:1415.9,1417.23 2 1
github.com/jeduden/mdsmith/internal/schema/validate.go:1417.23,1419.3 1 1
github.com/jeduden/mdsmith/internal/schema/validate.go:1420.2,1423.18 2 1
github.com/jeduden/mdsmith/internal/schema/validate.go:1423.18,1425.3 1 1
github.com/jeduden/mdsmith/internal/schema/validate.go:1429.2,1430.79 1 1
github.com/jeduden/mdsmith/internal/schema/validate.go:1430.79,1432.3 1 1
github.com/jeduden/mdsmith/internal/schema/validate.go:1433.2,1433.12 1 1
github.com/jeduden/mdsmith/internal/schema/validate.go:1446.9,1452.26 6 1
github.com/jeduden/mdsmith/internal/schema/validate.go:1452.26,1453.17 1 1
github.com/jeduden/mdsmith/internal/schema/validate.go:1453.17,1454.12 1 1
github.com/jeduden/mdsmith/internal/schema/validate.go:1456.3,1456.50 1 1
github.com/jeduden/mdsmith/internal/schema/validate.go:1456.50,1457.12 1 1
github.com/jeduden/mdsmith/internal/schema/validate.go:1459.3,1459.31 1 1
github.com/jeduden/mdsmith/internal/schema/validate.go:1459.31,1460.42 1 1
github.com/jeduden/mdsmith/internal/schema/validate.go:1460.42,1461.10 1 1
github.com/jeduden/mdsmith/internal/schema/validate.go:1463.4,1463.12 1 1
github.com/jeduden/mdsmith/internal/schema/validate.go:1465.3,1465.40 1 1
github.com/jeduden/mdsmith/internal/schema/validate.go:1465.40,1467.55 1 1
github.com/jeduden/mdsmith/internal/schema/validate.go:1467.55,1468.10 1 1
github.com/jeduden/mdsmith/internal/schema/validate.go:1470.4,1472.48 3 1
github.com/jeduden/mdsmith/internal/schema/validate.go:1472.48,1473.10 1 1
github.com/jeduden/mdsmith/internal/schema/validate.go:1475.4,1475.12 1 1
github.com/jeduden/mdsmith/internal/schema/validate.go:1477.3,1477.14 1 1
github.com/jeduden/mdsmith/internal/schema/validate.go:1477.14,1478.9 1 1
github.com/jeduden/mdsmith/internal/schema/validate.go:1481.2,1481.12 1 1
github.com/jeduden/mdsmith/internal/schema/validate.go:1496.7,1497.32 1 1
github.com/jeduden/mdsmith/internal/schema/validate.go:1497.32,1499.3 1 1
github.com/jeduden/mdsmith/internal/schema/validate.go:1500.2,1500.26 1 1
github.com/jeduden/mdsmith/internal/schema/validate.go:1500.26,1501.17 1 1
github.com/jeduden/mdsmith/internal/schema/validate.go:1501.17,1502.12 1 1
github.com/jeduden/mdsmith/internal/schema/validate.go:1504.3,1504.50 1 1
github.com/jeduden/mdsmith/internal/schema/validate.go:1504.50,1505.12 1 1
github.com/jeduden/mdsmith/internal/schema/validate.go:1507.3,1507.31 1 1
github.com/jeduden/mdsmith/internal/schema/validate.go:1507.31,1508.12 1 1
github.com/jeduden/mdsmith/internal/schema/validate.go:1510.3,1510.40 1 1
github.com/jeduden/mdsmith/internal/schema/validate.go:1510.40,1512.4 1 1
github.com/jeduden/mdsmith/internal/schema/validate.go:1514.2,1514.11 1 1
github.com/jeduden/mdsmith/internal/schema/validate.go:1524.70,1526.2 1 1
github.com/jeduden/mdsmith/internal/schema/validate.go:1528.75,1529.38 1 1
github.com/jeduden/mdsmith/internal/schema/validate.go:1529.38,1531.3 1 1
github.com/jeduden/mdsmith/internal/schema/validate.go:1532.2,1532.31 1 1
github.com/jeduden/mdsmith/internal/schema/validate.go:1532.31,1537.3 1 1
github.com/jeduden/mdsmith/internal/schema/validate.go:1538.2,1539.16 2 1
github.com/jeduden/mdsmith/internal/schema/validate.go:1545.38,1546.22 1 1
github.com/jeduden/mdsmith/internal/schema/validate.go:1546.22,1548.3 1 1
github.com/jeduden/mdsmith/internal/schema/validate.go:1549.2,1549.23 1 1
github.com/jeduden/mdsmith/internal/schema/validate.go:1549.23,1551.3 1 1
github.com/jeduden/mdsmith/internal/schema/validate.go:1552.2,1552.11 1 1
github.com/jeduden/mdsmith/internal/schema/validate.go:1555.51,1557.2 1 1
github.com/jeduden/mdsmith/internal/schema/validate.go:1568.21,1570.19 2 1
github.com/jeduden/mdsmith/internal/schema/validate.go:1570.19,1572.3 1 1
github.com/jeduden/mdsmith/internal/schema/validate.go:1577.2,1580.16 4 1
github.com/jeduden/mdsmith/internal/schema/validate.go:1580.16,1593.3 2 1
github.com/jeduden/mdsmith/internal/schema/validate.go:1594.2,1594.14 1 1
github.com/jeduden/mdsmith/internal/schema/validate.go:1594.14,1608.3 2 1
github.com/jeduden/mdsmith/internal/schema/validate.go:1609.2,1609.12 1 1
github.com/jeduden/mdsmith/internal/schema/validate.go:1614.64,1616.35 2 1
github.com/jeduden/mdsmith/internal/schema/validate.go:1616.35,1618.3 1 1
github.com/jeduden/mdsmith/internal/schema/validate.go:1619.2,1621.40 3 1
github.com/jeduden/mdsmith/internal/schema/validate.go:1621.40,1623.3 1 1
github.com/jeduden/mdsmith/internal/schema/validate.go:1624.2,1624.15 1 1
github.com/jeduden/mdsmith/internal/schema/validate.go:1624.15,1626.3 1 1
github.com/jeduden/mdsmith/internal/schema/validate.go:1627.2,1628.16 2 1
github.com/jeduden/mdsmith/internal/schema/validate.go:1628.16,1630.3 1 0
github.com/jeduden/mdsmith/internal/schema/validate.go:1631.2,1632.38 2 1
github.com/jeduden/mdsmith/internal/schema/validate.go:1632.38,1634.3 1 0
github.com/jeduden/mdsmith/internal/schema/validate.go:1635.2,1636.60 2 1
github.com/jeduden/mdsmith/internal/schema/validate.go:1636.60,1638.3 1 0
github.com/jeduden/mdsmith/internal/schema/validate.go:1639.2,1639.12 1 1
github.com/jeduden/mdsmith/internal/schema/validate.go:1645.51,1647.35 2 1
github.com/jeduden/mdsmith/internal/schema/validate.go:1647.35,1649.3 1 1
github.com/jeduden/mdsmith/internal/schema/validate.go:1650.2,1652.32 3 1
github.com/jeduden/mdsmith/internal/schema/validate.go:1652.32,1654.3 1 1
github.com/jeduden/mdsmith/internal/schema/validate.go:1655.2,1655.12 1 1
github.com/jeduden/mdsmith/internal/schema/validate_content.go:34.21,35.53 1 1
github.com/jeduden/mdsmith/internal/schema/validate_content.go:35.53,37.3 1 1
github.com/jeduden/mdsmith/internal/schema/validate_content.go:38.2,49.14 8 1
github.com/jeduden/mdsmith/internal/schema/validate_content.go:55.46,56.28 1 1
github.com/jeduden/mdsmith/internal/schema/validate_content.go:56.28,57.26 1 1
github.com/jeduden/mdsmith/internal/schema/validate_content.go:57.26,59.4 1 1
github.com/jeduden/mdsmith/internal/schema/validate_content.go:60.3,60.38 1 1
github.com/jeduden/mdsmith/internal/schema/validate_content.go:60.38,62.4 1 1
github.com/jeduden/mdsmith/internal/schema/validate_content.go:64.2,64.14 1 1
github.com/jeduden/mdsmith/internal/schema/validate_content.go:71.71,73.26 2 1
github.com/jeduden/mdsmith/internal/schema/validate_content.go:73.26,74.27 1 1
github.com/jeduden/mdsmith/internal/schema/validate_content.go:74.27,76.4 1 1
github.com/jeduden/mdsmith/internal/schema/validate_content.go:78.2,78.12 1 1
github.com/jeduden/mdsmith/internal/schema/validate_content.go:98.18,107.31 3 1
github.com/jeduden/mdsmith/internal/schema/validate_content.go:107.31,111.11 1 1
github.com/jeduden/mdsmith/internal/schema/validate_content.go:111.11,113.10 2 1
github.com/jeduden/mdsmith/internal/schema/validate_content.go:116.3,129.68 2 1
github.com/jeduden/mdsmith/internal/schema/validate_content.go:140.48,142.15 2 1
github.com/jeduden/mdsmith/internal/schema/validate_content.go:142.15,145.3 2 1
github.com/jeduden/mdsmith/internal/schema/validate_content.go:146.2,146.48 1 1
github.com/jeduden/mdsmith/internal/schema/validate_content.go:161.65,163.60 2 1
github.com/jeduden/mdsmith/internal/schema/validate_content.go:163.60,165.3 1 1
github.com/jeduden/mdsmith/internal/schema/validate_content.go:166.2,166.32 1 1
github.com/jeduden/mdsmith/internal/schema/validate_content.go:174.63,175.24 1 1
github.com/jeduden/mdsmith/internal/schema/validate_content.go:175.24,176.26 1 1
github.com/jeduden/mdsmith/internal/schema/validate_content.go:176.26,177.12 1 1
github.com/jeduden/mdsmith/internal/schema/validate_content.go:179.3,179.45 1 1
github.com/jeduden/mdsmith/internal/schema/validate_content.go:181.2,181.15 1 1
github.com/jeduden/mdsmith/internal/schema/validate_content.go:184.55,187.39 1 1
github.com/jeduden/mdsmith/internal/schema/validate_content.go:187.39,188.26 1 1
github.com/jeduden/mdsmith/internal/schema/validate_content.go:188.26,189.26 1 1
github.com/jeduden/mdsmith/internal/schema/validate_content.go:189.26,191.5 1 1
github.com/jeduden/mdsmith/internal/schema/validate_content.go:192.4,192.25 1 0
github.com/jeduden/mdsmith/internal/schema/validate_content.go:197.2,197.30 1 1
github.com/jeduden/mdsmith/internal/schema/validate_content.go:197.30,198.26 1 1
github.com/jeduden/mdsmith/internal/schema/validate_content.go:198.26,200.4 1 1
github.com/jeduden/mdsmith/internal/schema/validate_content.go:202.2,202.10 1 0
github.com/jeduden/mdsmith/internal/schema/validate_content.go:228.46,229.45 1 1
github.com/jeduden/mdsmith/internal/schema/validate_content.go:229.45,231.3 1 1
github.com/jeduden/mdsmith/internal/schema/validate_content.go:232.2,232.25 1 1
github.com/jeduden/mdsmith/internal/schema/validate_content.go:232.25,234.3 1 1
github.com/jeduden/mdsmith/internal/schema/validate_content.go:235.2,236.74 2 1
github.com/jeduden/mdsmith/internal/schema/validate_content.go:236.74,237.26 1 1
github.com/jeduden/mdsmith/internal/schema/validate_content.go:237.26,239.4 1 1
github.com/jeduden/mdsmith/internal/schema/validate_content.go:240.3,240.26 1 1
github.com/jeduden/mdsmith/internal/schema/validate_content.go:240.26,243.4 2 1
github.com/jeduden/mdsmith/internal/schema/validate_content.go:244.3,244.31 1 1
github.com/jeduden/mdsmith/internal/schema/validate_content.go:246.2,246.13 1 1
github.com/jeduden/mdsmith/internal/schema/validate_content.go:262.3,263.28 1 1
github.com/jeduden/mdsmith/internal/schema/validate_content.go:263.28,264.32 1 1
github.com/jeduden/mdsmith/internal/schema/validate_content.go:264.32,265.12 1 1
github.com/jeduden/mdsmith/internal/schema/validate_content.go:267.3,267.18 1 1
github.com/jeduden/mdsmith/internal/schema/validate_content.go:267.18,276.12 3 1
github.com/jeduden/mdsmith/internal/schema/validate_content.go:281.3,282.77 1 1
github.com/jeduden/mdsmith/internal/schema/validate_content.go:282.77,287.28 5 1
github.com/jeduden/mdsmith/internal/schema/validate_content.go:287.28,292.5 1 1
github.com/jeduden/mdsmith/internal/schema/validate_content.go:304.3,305.26 1 1
github.com/jeduden/mdsmith/internal/schema/validate_content.go:305.26,307.3 1 1
github.com/jeduden/mdsmith/internal/schema/validate_content.go:308.2,311.56 2 1
github.com/jeduden/mdsmith/internal/schema/validate_content.go:317.82,319.27 2 1
github.com/jeduden/mdsmith/internal/schema/validate_content.go:319.27,320.46 1 1
github.com/jeduden/mdsmith/internal/schema/validate_content.go:320.46,321.12 1 1
github.com/jeduden/mdsmith/internal/schema/validate_content.go:323.3,323.55 1 1
github.com/jeduden/mdsmith/internal/schema/validate_content.go:323.55,324.12 1 1
github.com/jeduden/mdsmith/internal/schema/validate_content.go:326.3,326.23 1 1
github.com/jeduden/mdsmith/internal/schema/validate_content.go:328.2,328.12 1 1
github.com/jeduden/mdsmith/internal/schema/validate_content.go:338.7,339.44 1 1
github.com/jeduden/mdsmith/internal/schema/validate_content.go:339.44,340.33 1 1
github.com/jeduden/mdsmith/internal/schema/validate_content.go:340.33,341.9 1 1
github.com/jeduden/mdsmith/internal/schema/validate_content.go:343.3,343.38 1 1
github.com/jeduden/mdsmith/internal/schema/validate_content.go:343.38,345.4 1 1
github.com/jeduden/mdsmith/internal/schema/validate_content.go:347.2,347.18 1 1
github.com/jeduden/mdsmith/internal/schema/validate_content.go:357.7,358.26 1 1
github.com/jeduden/mdsmith/internal/schema/validate_content.go:358.26,359.50 1 1
github.com/jeduden/mdsmith/internal/schema/validate_content.go:359.50,360.12 1 0
github.com/jeduden/mdsmith/internal/schema/validate_content.go:362.3,362.31 1 1
github.com/jeduden/mdsmith/internal/schema/validate_content.go:362.31,364.4 1 1
github.com/jeduden/mdsmith/internal/schema/validate_content.go:366.2,366.18 1 1
github.com/jeduden/mdsmith/internal/schema/validate_content.go:380.21,393.2 4 1
github.com/jeduden/mdsmith/internal/schema/validate_content.go:412.55,413.37 1 1
github.com/jeduden/mdsmith/internal/schema/validate_content.go:413.37,414.40 1 1
github.com/jeduden/mdsmith/internal/schema/validate_content.go:414.40,416.12 2 1
github.com/jeduden/mdsmith/internal/schema/validate_content.go:418.3,418.19 1 1
github.com/jeduden/mdsmith/internal/schema/validate_content.go:418.19,419.12 1 1
github.com/jeduden/mdsmith/internal/schema/validate_content.go:421.3,421.32 1 1
github.com/jeduden/mdsmith/internal/schema/validate_content.go:423.2,423.24 1 1
github.com/jeduden/mdsmith/internal/schema/validate_content.go:435.3,436.31 1 1
github.com/jeduden/mdsmith/internal/schema/validate_content.go:436.31,438.42 2 1
github.com/jeduden/mdsmith/internal/schema/validate_content.go:438.42,444.4 5 1
github.com/jeduden/mdsmith/internal/schema/validate_content.go:445.3,445.57 1 1
github.com/jeduden/mdsmith/internal/schema/validate_content.go:445.57,446.23 1 1
github.com/jeduden/mdsmith/internal/schema/validate_content.go:446.23,448.5 1 1
github.com/jeduden/mdsmith/internal/schema/validate_content.go:449.4,457.12 6 1
github.com/jeduden/mdsmith/internal/schema/validate_content.go:459.3,459.35 1 1
github.com/jeduden/mdsmith/internal/schema/validate_content.go:459.35,466.4 1 1
github.com/jeduden/mdsmith/internal/schema/validate_content.go:467.3,467.14 1 1
github.com/jeduden/mdsmith/internal/schema/validate_content.go:469.2,469.37 1 1
github.com/jeduden/mdsmith/internal/schema/validate_content.go:469.37,475.3 1 1
github.com/jeduden/mdsmith/internal/schema/validate_content.go:482.70,483.48 1 1
github.com/jeduden/mdsmith/internal/schema/validate_content.go:483.48,484.19 1 1
github.com/jeduden/mdsmith/internal/schema/validate_content.go:484.19,485.12 1 1
github.com/jeduden/mdsmith/internal/schema/validate_content.go:487.3,488.36 2 1
github.com/jeduden/mdsmith/internal/schema/validate_content.go:488.36,489.12 1 1
github.com/jeduden/mdsmith/internal/schema/validate_content.go:491.3,491.33 1 1
github.com/jeduden/mdsmith/internal/schema/validate_content.go:491.33,493.4 1 1
github.com/jeduden/mdsmith/internal/schema/validate_content.go:495.2,495.11 1 1
github.com/jeduden/mdsmith/internal/schema/validate_content.go:502.65,503.34 1 1
github.com/jeduden/mdsmith/internal/schema/validate_content.go:503.34,505.3 1 1
github.com/jeduden/mdsmith/internal/schema/validate_content.go:506.2,506.31 1 1
github.com/jeduden/mdsmith/internal/schema/validate_content.go:506.31,514.3 3 1
github.com/jeduden/mdsmith/internal/schema/validate_content.go:521.52,522.14 1 1
github.com/jeduden/mdsmith/internal/schema/validate_content.go:523.28,525.12 2 1
github.com/jeduden/mdsmith/internal/schema/validate_content.go:526.24,528.12 2 1
github.com/jeduden/mdsmith/internal/schema/validate_content.go:529.23,531.12 2 1
github.com/jeduden/mdsmith/internal/schema/validate_content.go:532.28,534.12 2 1
github.com/jeduden/mdsmith/internal/schema/validate_content.go:536.2,536.14 1 0
github.com/jeduden/mdsmith/internal/schema/validate_content.go:547.21,548.20 1 1
github.com/jeduden/mdsmith/internal/schema/validate_content.go:549.28,550.50 1 1
github.com/jeduden/mdsmith/internal/schema/validate_content.go:551.24,552.46 1 1
github.com/jeduden/mdsmith/internal/schema/validate_content.go:553.23,554.45 1 1
github.com/jeduden/mdsmith/internal/schema/validate_content.go:556.2,556.12 1 1
github.com/jeduden/mdsmith/internal/schema/validate_content.go:565.21,566.22 1 1
github.com/jeduden/mdsmith/internal/schema/validate_content.go:566.22,568.3 1 1
github.com/jeduden/mdsmith/internal/schema/validate_content.go:569.2,571.24 3 1
github.com/jeduden/mdsmith/internal/schema/validate_content.go:571.24,573.3 1 1
github.com/jeduden/mdsmith/internal/schema/validate_content.go:574.2,576.23 1 1
github.com/jeduden/mdsmith/internal/schema/validate_content.go:583.21,584.29 1 1
github.com/jeduden/mdsmith/internal/schema/validate_content.go:584.29,586.3 1 1
github.com/jeduden/mdsmith/internal/schema/validate_content.go:587.2,589.44 3 1
github.com/jeduden/mdsmith/internal/schema/validate_content.go:589.44,591.3 1 1
github.com/jeduden/mdsmith/internal/schema/validate_content.go:592.2,594.26 1 1
github.com/jeduden/mdsmith/internal/schema/validate_content.go:601.21,604.58 3 1
github.com/jeduden/mdsmith/internal/schema/validate_content.go:604.58,608.3 1 1
github.com/jeduden/mdsmith/internal/schema/validate_content.go:609.2,610.50 2 1
github.com/jeduden/mdsmith/internal/schema/validate_content.go:610.50,614.3 1 1
github.com/jeduden/mdsmith/internal/schema/validate_content.go:615.2,615.50 1 1
github.com/jeduden/mdsmith/internal/schema/validate_content.go:615.50,619.3 1 1
github.com/jeduden/mdsmith/internal/schema/validate_content.go:620.2,620.14 1 1
github.com/jeduden/mdsmith/internal/schema/validate_content.go:625.37,627.57 2 1
github.com/jeduden/mdsmith/internal/schema/validate_content.go:627.57,628.37 1 1
github.com/jeduden/mdsmith/internal/schema/validate_content.go:628.37,630.4 1 1
github.com/jeduden/mdsmith/internal/schema/validate_content.go:632.2,632.14 1 1
github.com/jeduden/mdsmith/internal/schema/validate_content.go:641.68,643.19 2 1
github.com/jeduden/mdsmith/internal/schema/validate_content.go:643.19,645.3 1 0
github.com/jeduden/mdsmith/internal/schema/validate_content.go:646.2,647.62 2 1
github.com/jeduden/mdsmith/internal/schema/validate_content.go:647.62,648.42 1 1
github.com/jeduden/mdsmith/internal/schema/validate_content.go:648.42,649.12 1 0
github.com/jeduden/mdsmith/internal/schema/validate_content.go:651.3,651.79 1 1
github.com/jeduden/mdsmith/internal/schema/validate_content.go:653.2,653.14 1 1
github.com/jeduden/mdsmith/internal/schema/validate_content.go:659.44,660.22 1 1
github.com/jeduden/mdsmith/internal/schema/validate_content.go:660.22,662.3 1 1
github.com/jeduden/mdsmith/internal/schema/validate_content.go:663.2,663.19 1 1
github.com/jeduden/mdsmith/internal/schema/validate_content.go:663.19,664.19 1 1
github.com/jeduden/mdsmith/internal/schema/validate_content.go:664.19,666.4 1 1
github.com/jeduden/mdsmith/internal/schema/validate_content.go:668.2,668.13 1 1
github.com/jeduden/mdsmith/internal/schema/validate_content.go:676.45,677.17 1 1
github.com/jeduden/mdsmith/internal/schema/validate_content.go:677.17,679.3 1 1
github.com/jeduden/mdsmith/internal/schema/validate_content.go:680.2,680.41 1 1
github.com/jeduden/mdsmith/internal/schema/validate_content.go:690.43,691.16 1 1
github.com/jeduden/mdsmith/internal/schema/validate_content.go:692.28,693.19 1 1
github.com/jeduden/mdsmith/internal/schema/validate_content.go:693.19,695.4 1 1
github.com/jeduden/mdsmith/internal/schema/validate_content.go:696.3,696.22 1 1
github.com/jeduden/mdsmith/internal/schema/validate_content.go:697.24,698.25 1 1
github.com/jeduden/mdsmith/internal/schema/validate_content.go:698.25,700.4 1 1
github.com/jeduden/mdsmith/internal/schema/validate_content.go:701.3,701.17 1 1
github.com/jeduden/mdsmith/internal/schema/validate_content.go:702.23,704.19 2 1
github.com/jeduden/mdsmith/internal/schema/validate_content.go:704.19,706.4 1 1
github.com/jeduden/mdsmith/internal/schema/validate_content.go:707.3,707.21 1 1
github.com/jeduden/mdsmith/internal/schema/validate_content.go:707.21,709.4 1 1
github.com/jeduden/mdsmith/internal/schema/validate_content.go:710.3,710.21 1 1
github.com/jeduden/mdsmith/internal/schema/validate_content.go:710.21,712.4 1 1
github.com/jeduden/mdsmith/internal/schema/validate_content.go:713.3,713.34 1 1
github.com/jeduden/mdsmith/internal/schema/validate_content.go:715.2,715.20 1 1
github.com/jeduden/mdsmith/internal/schema/validate_content.go:722.52,723.23 1 1
github.com/jeduden/mdsmith/internal/schema/validate_content.go:724.28,726.17 2 1
github.com/jeduden/mdsmith/internal/schema/validate_content.go:726.17,728.4 1 1
github.com/jeduden/mdsmith/internal/schema/validate_content.go:729.3,729.22 1 1
github.com/jeduden/mdsmith/internal/schema/validate_content.go:730.21,731.17 1 1
github.com/jeduden/mdsmith/internal/schema/validate_content.go:732.17,733.55 1 1
github.com/jeduden/mdsmith/internal/schema/validate_content.go:734.22,735.21 1 1
github.com/jeduden/mdsmith/internal/schema/validate_content.go:737.2,737.26 1 1
